luck can plot,0
use is period,0
sword is swordsmanship,0
system are size,0
spear is thrower,0
apples have significance,1
plastic have plastic,0
course had bit,0
vessel are concern,0
example is gulf,0
service are order,0
star have orbit,1
question can alliance,0
stand can epemitreus,0
river are source,0
language is rivers,0
death was man,0
march have attention,0
star have name,1
time are order,0
interaction is force,1
recliner is mechanism,0
size are hundred,0
sitcom can comedy,0
talk is mind,0
hero were ear,0
tool have period,0
outline was being,0
company be move,0
product have production,0
civilian were air,0
plastic are system,0
tenor can f,0
shaft were symbol,0
stage is miracle,0
others can side,0
armory were jungle,0
atlatl is spear-throwers,1
warning was Police,0
level are earth,0
period are record,0
polysaccharide is plant,0
country have access,1
people have wheel,0
magician is serpent,0
audience can use,0
spring are surface,0
juice are food,0
fiend be material,0
sword—it is sign,0
decline has cause,1
plateau have top,0
rinaldo is torch,0
prospect 's world,0
warrior was dream,0
language was monk,0
reunification been foot,0
obscurity were culture,0
amnesty be blanket,0
potato is tuber,0
pack were point,0
sphere were government,0
biochemistry is acid,0
chair has leg,1
launch had day,0
memorial has bench,0
age is type,0
bill was lot,0
model be energy,0
earth is planet,1
province have hope,0
shoulder was talon,0
history was government,0
hammer are wool,0
type is tenor,0
eye was time,0
comedy is genre,1
city Are wine,0
earthquake are arc,0
participation have problem,0
earth is mount,0
apple was tonne,0
industry has gun,0
pad was force,0
caicedo is football,0
effect has debate,0
djembe are way,0
man was action,0
engine is octane,0
egypt is kingdom,1
olav are order,0
force is electroweak,0
seed be parent,0
situation is economist,0
charge was rushing,0
nebula are dense,0
century are launch,0
government is signal,0
music had influence,1
island have island,0
port has place,0
nebula was object,0
other be exposure,0
air has density,1
eye were mouth,0
krämer is improvement,0
force is interaction,0
oath was cross,0
teenager are acne,0
wind was warrior,0
canals are isthmus,0
energy is expert,0
project be developer,0
language is knighthood,0
type is chest,0
overhaul had society,0
sand are millimeter,0
rating is grade,0
pollution be world,0
plan being lack,0
control was hand,0
oil is fuel,1
spain have neighbor,1
faso have government,0
germany is —,0
point be build,0
warrior had dream,1
mountain is summit,0
talent are concern,0
rest be guard,0
mirror 's city,0
nebulae have density,1
fact was foreigner,0
helmet been lack,0
outline was baboon,0
desk is exception,0
coach was planet,0
mist is world,0
nylon is thermoplastic,1
door had eye,0
fray had palace,0
plane are thickness,0
fructose is sugar,1
mainland is type,0
plateau having summit,0
agenda was agreement,0
sequence are gear,0
cycle is maintenance,0
swirl is water,0
alliance was signing,0
portrait is snapshot,0
constant have definition,1
duty is strength,0
mind is power,0
field being gift,0
conference was course,0
region have source,0
force is field,0
sector been year,0
polyamide is silk,0
country been scar,0
charge were official,0
audience be use,0
sword be edge,0
specie are %,0
planet had association,0
apple been thousand,0
power was magician,0
plumage is colourful,1
lens is device,1
lenses are material,0
packaging was polymer,0
doom are land,0
stylus have publius,0
star been constellation,0
hill are goblet,0
yeasts are microorganism,1
yew is ornamental,0
rain has hour,0
access was result,0
king is foot,0
ascalante can conan,0
debut was cancer,0
constant have definition,1
plastic are shape,0
name is diesel,0
yeast been electricity,0
god is ymir,0
usage is china,0
plastic is packaging,1
continue is plastic,0
fact has skill,0
deed is doom,0
region been source,0
state been site,0
astronomer have star,0
luck can volmana,0
people been state,0
diameter be eye,0
activity been people,0
opinion are plan,0
river being creek,0
launch have ship,0
king are day,0
group have demonstration,1
settee is item,1
home are family,0
yeasts have electricity,0
export are effect,0
fuel is diesel,0
state has leverage,0
light are lens,0
force is country,0
eu is trade,0
tuber been glycoalkaloid,0
apple is fruit,1
formation is hypothesis,0
nasa have october,0
sun is point,0
particle is decay,0
ocean are pattern,0
model has %,0
fruit are prone,0
word was thought,0
manufacturer has shift,0
stage have stage,0
wa have ship,0
period was use,0
brother is overhaul,0
spokeswoman was concern,0
light can concentration,0
mountains are force,0
talk is dion,0
other are set,0
change is cost,0
synthesizer are keyboard,1
fuel be distillate,0
horse were side,0
dung be manure,1
vessel was kilometer,0
foe were armor,0
cattle are area,0
executive were medium,0
gem had dion,0
transmission are wheel,0
starch is adhesive,0
oil is gallon,0
system is point,0
food be space,0
dog was man,0
diameter can eye,0
isthmus be shortcut,0
people was calculator,0
synthesizers are keyboard,0
people are black,0
insurgent have challenge,0
option be port,0
plateau can monsoon,0
land was hill,0
capability been light,0
energy is development,0
phenomenon are term,0
potato were world,0
facility has capacity,0
statue was motion,0
garment were fabric,0
off-kilter is time,0
tribe has king,1
launch have minute,0
country have celsius,0
top is leg,0
priest is word,0
family is tree,0
fuel is en,0
kenya have source,0
overhaul has pillar,0
moog is concept,0
shadow been eye,0
indoor are couch,0
fireman were shovel,0
mountain be agriculture,0
safety has flood,0
tenor is type,0
nation was enemy,0
head was time,0
energy is demand,0
people be city,0
voyager is spacecraft,1
reaction been baking,0
thrower is extension,0
stock are motion,0
sunshine can energy,0
glacier has ice,1
genus is maple,0
electricity can need,0
ocean can tsunami,1
match were reason,0
rinaldo is prospero,0
prosecutors have woman,0
meteor been velocity,0
activist was street,0
lense are imaging,0
nebula can density,0
kingdom were form,0
voltmeter be voltage,0
issue is one,0
incentive have poacher,0
rise was age,0
decision are analyst,0
mesh was use,0
plastic been tonne,0
desks have drawer,1
proceed be construction,0
combustion can environment,0
worker be poacher,0
poet is king,0
energy has cost,1
china is devastation,0
voltmeter can voltage,0
cogitation have mind,0
freighter was afternoon,0
mind can power,0
slaying is work,0
desk have form,1
task are scale,0
mixture has energy,0
history is kingdom,0
option are port,0
stars can part,0
man have damage,0
criticism has release,0
syrup is mixture,1
animal is version,0
launch was ship,0
reduction has potential,0
time had century,1
instrument be equipment,0
der had progress,0
century are spacex,0
conspirator was sweat,0
water is component,0
couches can size,0
mercenary are rogue,0
people been authority,0
effort are people,0
problem can number,0
salinity being surface,0
tone have work,0
option are eemshaven,0
plan have judge,0
fact 's team,0
division were brother,0
school be time,0
dream was sword,0
other being electromagnetism,0
population is time,0
putschist have treaty,0
turn has question,0
outlaw is helmet,0
plastic are chemical,0
city 've spendthrift,0
arms have protest,0
petrol is transparent,0
electromagnetism is technology,0
god are crom,0
formula is gas,0
side was floor,0
potato are potato,0
eye is something,0
darkness have eye,0
growth was boost,0
amount be health,0
accident can lock,0
lamp are range,0
association be plaque,0
nylon were success,0
voyager is kilometer,0
eu is philippines,0
region have currency,1
city is isthmus,0
woman was captain,0
fog is part,0
planet is body,1
shadow had eye,0
priest was fear,0
desk be person,0
star can part,0
sword have cutting,0
lightning are example,0
year had government,0
king am year,0
synthesizer were avant,0
firefighter had freighter,0
recreation have use,0
maximilian is knight,1
river are feature,0
kingdom am hunter,0
sword is numedides,0
der been progress,0
chest being miscommunication,0
company is technology,0
tie had year,0
point can build,0
people had agency,0
star was defense,0
others can exposure,0
mercury have satellite,0
desk is person,0
reservist had battle,0
month had ambition,0
syrup is sap,1
room was people,0
eye is undercurrent,0
plasma is matter,0
patagonia have expanse,1
situation has labor,0
country been access,0
inflation was %,0
enterprise are energy,0
latin is part,0
africa is home,0
competition is energy,0
luck have plot,0
1970 were music,0
state had week,0
government is sos,0
plant is family,0
course be escort,0
high-priests is word,0
plastic are today,0
specie be potato,0
source is plant,0
people were hunter,0
collision are cause,0
chapter was fighting,0
force is matter,0
field are gift,0
period is period,0
gazole is fuel,0
security are cooperation,0
biofuel is sugar,0
fructose is odorless,1
cycle are type,0
example is welland,0
reaction have baking,0
arrow is weapon,1
explosion is legend,0
ocean can tsunamis,0
barbarian was dagger,0
police is town,0
desk is desk,0
ethanol are example,0
nebula have density,1
plastics are range,0
north are faulty,0
astronomers have star,0
detail have advent,0
poacher have incentive,0
circulation are factor,0
people are life,0
thing 's foulness,0
current is movement,0
meteor been member,0
medium can hydrogen,0
spring is point,0
type is coloratura,0
reservist had couch,0
petroleum be melt,0
terrain is area,0
term is force,0
plastic has tonne,0
plant are habitat,0
monoalcohol are subject,0
canteen can share,0
grass is unrest,0
plastic has landfill,0
user can index,0
task are planing,0
control been vehicle,0
tree was garden,0
petrol is petroleum,0
output has economist,0
region can gas,0
zealand is isthmus,0
developer have crisis,1
world have wave,0
energy has era,0
government has holiday,0
plant are toxin,0
valley was army,0
generator have portion,0
pathogen can infection,0
astronomer can property,0
nebula are star,0
plan is economy,0
atlatl is use,0
land is thinner,0
rhine can lock,0
civilization are freshwater,0
breast be song,0
one be world,0
fire is spokeswoman,0
woman been death,0
% has economy,0
viability has collection,0
sky were century,0
haste 're man,0
plateaus can monsoon,0
increase are toll,0
doubt are instinct,0
measure is suspension,0
situation been glass,0
distance is diameter,0
ice are pressure,0
nebulae can density,0
pressure am experience,0
skin are light,0
republic have year,0
difference is delta,0
galactose are blood,0
system is olympus,0
worker has work,1
estimate be country,0
growth have worker,0
crown be fool,0
men are world,0
basin are human,0
stadium have home,0
alcohol is type,0
jiàn is example,0
country have conan,0
year is star,0
eye were gem,0
demand is plastic,0
ornamentation is melting,0
turn be meteor,0
indo-pacific are cooperation,0
albican are pathogen,0
lounge are setting,0
movement is israel,0
canteen can knowledge,0
cattle are europe,0
habitat are annual,0
ad were barbarian,0
housetop is city,0
readiness was day,0
launch was day,0
tsunamis can volcano,0
familiarity was time,0
formula is acid,0
period being period,0
heliosphere is space,0
shoulder was time,0
position be outlaw,0
men is set,0
ecowas have crisis,1
talk had result,1
plane are body,0
exoplanet have zone,0
typhoon has island,0
spacecraft is operating,1
plot can mistake,0
people have myanmar,0
action was rest,0
glacier are environment,0
height are stem,0
plateaus are surrounding,0
worker is problem,0
undercurrent are youth,0
pillar is bite,0
ester is citrate,0
blade had struggle,0
leather is keyboard,0
tuberosum is root,0
foliage can death,0
standard was success,0
euro have discussion,0
cycle is vehicle,1
belt be member,0
fortune had thief,0
dupe have street,0
fuel is example,0
think are representative,0
ice is reservoir,0
arm was mouth,0
indoors are outdoors,0
study is oceanography,0
energy being expert,0
iffezheim is town,1
horn is ranger,0
route was spokesman,0
date were signal,0
earth have masse,0
cuirass was blood,0
gate has stock,0
launch been day,0
woomera is leather,0
family are specie,0
bench is seat,0
fuel had majority,0
acid is compound,0
worldwide is carbohydrate,0
abyss had moon,0
cash is escrow,0
place has implication,0
pressure have experience,0
study is spear,0
car is repair,0
society are car,0
fighting was state,0
spring have human,0
tombolo is isthmus,0
industry is sugar,0
rest are feature,0
zebu are pet,0
judge are constitution,0
plane are joint,0
tsunami can landslide,0
chair is type,0
reaction was question,0
synthesizer can plug,0
authority have measure,0
well are record,0
tenor be b2,0
force 's matter,0
rest be wood,0
constellation has time,0
guard is fool,0
substance is group,0
knight is person,1
man are world,0
digestion was chemist,0
ah is ring,0
river are part,0
ice is ice,0
production are problem,0
model was detail,0
chest was miscommunication,0
cult can magic,0
sight is fear,0
bench be thumb,0
one was change,0
archaeology been century,0
leather are animal,0
sector was debt,0
country have output,0
command was second,0
antiquity was warrior,0
propane is alkane,0
energy is kenya,0
shadow have downfall,0
escarpment can number,0
production are germany,0
m. have expanse,0
asterism are constellation,0
genus is sycamore,0
thracians is thracology,0
people were panic,0
device are plastic,0
ethanol is drug,0
blood was wound,0
warrior was class,0
c3h8 is gas,0
leg can surface,0
player is buzz,0
niger is ecowas,0
page was minister,0
demand is china,0
chemist is group,0
plastic are ha,0
addition has population,0
land are human,0
particle be case,0
turn can meteor,0
chance was fact,0
task is wit,0
terrorist have movement,0
life be plot,0
standing are moment,0
soprano is type,0
oil are petroleum,0
globe is feature,0
bitterness had ambition,0
river are location,0
alternative are petroleum,0
try have fun,0
atlatl is tool,0
horseback was horsemanship,0
reuters is cooperation,0
life was family,0
good is crisis,0
government has overhaul,0
ratio is device,0
fruit are number,0
damehoods are award,0
game have home,0
nasa is moon,0
word be wind,0
% been economy,0
'neck is piece,0
age is period,0
resident have diesel,0
one was ship,0
difference can process,0
powder is water,0
group have name,0
stylus had papyrus,0
identity has bondage,0
referendum was court,0
culture was poetry,0
goal is one,0
mountain are force,0
plane are combination,0
height are vine,0
plastic be object,0
chariot been burial,0
perfection is corner,0
change have time,0
guard were moment,0
representative was day,0
question be football,0
hospital have alert,0
man was garage,0
maple are horse,0
luck have volmana,0
chemotherapy was moment,0
strength are humility,0
energy is energy,0
situation is commerzbank,0
sword is weapon,1
year been government,0
decision had order,0
officer was post,0
swordsman have secret,0
chief is trade,0
country is knight,0
assassination 's man,0
gravitation is mechanism,0
daughter were seraglio,0
field is work,0
plant is disaccharide,0
custom was male,0
cockatoo are captivity,0
clash have displacement,0
game have hospital,0
sucrose is monosaccharide,0
artifact been tool,0
tool can hand,0
lion Am slave,0
area is hill,0
step were figure,0
synthesizer is concept,0
potato were year,0
gear have shape,1
duty are exchange,0
chaos was life,0
use are combustion,0
spire was dawn,0
sword 's chance,0
civilization is period,0
mercury is share,0
masse was car,0
representative are day,0
change are source,0
economy has water,0
consumer have price,0
football 's player,0
hynek have population,0
tuber have glycoalkaloids,0
past have alliance,0
state have peer,0
maker are program,0
crypt be figure,0
conan can power,0
cause is policy,0
people 's cancer,0
foreigner can temple,0
production has world,0
centimeter are fluorescence,0
warrior been dream,0
benches can outdoors,0
ascalante is city,0
country have scar,0
efficiency can credit,0
salt is citrate,0
enemy was family,0
ship are sign,0
content being port,0
glass are desk,0
aid have troop,0
past be coach,0
dust are star,0
people been cancer,0
cohort were cohort,0
power are number,0
citrate is derivative,0
century were existence,0
culture had technique,0
pilot have duty,1
star is star,0
demand is property,0
industry been gun,0
potato been location,0
recreation been use,0
order be one,0
gear is tooth,0
lie was land,0
difference is meltwater,0
polymer can variety,0
dependency have way,0
sword was shadow,0
sword can riddle,0
initialism being music,0
stream is size,0
solid is sugar,0
culture was state,0
planets have association,0
caicedo have expectation,1
court are israel,0
northwest is war,0
cattle are livestock,1
folk is frost,0
purpose have authority,0
fructose are consumption,0
company has portion,0
potato have location,0
era is period,1
today are television,0
language is dame,0
sea have time,0
nation is estimate,0
dream had crown,0
bill has decline,0
lens can image,0
culture are culture,0
plane are piece,0
potato are potatoes,0
other are exposure,0
earth are city,0
cattle are africa,0
desert have heart,0
livestock are %,0
hand was giant,1
care am master,0
qfd is force,0
seating be home,0
car are le,0
hospitals have alert,0
visibility is pressure,0
parliament have access,0
plant is perennial,0
study have population,0
ministry has evacuation,0
match 's reason,0
completion are fund,0
sector are export,0
area have terrain,1
cancer was training,0
spear-thrower is extension,0
refining is fuel,0
sea been time,0
synthesiser is instrument,1
toxin be inhalation,0
move are completion,0
day being year,0
citrate is acid,0
point is sun,0
rootstock be rootstock,0
world have use,0
game been hospital,0
minstrel am force,0
ch2co2h is acid,0
frontier have aid,0
chariot is type,0
toxin can inhalation,0
model was turn,0
automobile is motor,0
meteor have percent,0
energy been significance,0
region be gas,0
century has problem,0
tuber can concentration,0
engine is rating,0
hilt can thrusting,0
reservist be tomorrow,0
caprolactam was nylon,0
energy is wave,0
sea have ancient,0
expression are intent,0
neophyte is power,0
drug is alcohol,0
island been island,0
crime has investigation,1
cattle is dung,0
colombian are fan,0
gear is principle,0
chemical are gasoline,0
property has use,0
spokeswoman are concern,0
protest have survey,0
culture was culture,0
foot had corridor,0
town being shipping,0
helmet had lack,0
serpent have presence,0
plot can ascalante,0
food have people,0
developer are project,0
time is nasa,0
tree are specie,0
provider is lot,0
voice was urgency,0
cattle are temperate,0
parliament were marketing,0
country had success,0
problem are germany,0
neck is piece,0
benches are wood,0
b have earth,0
map had country,0
space have datum,0
constant been definition,0
ore were tin,0
type are specie,0
limnology is study,1
barbarian were backwardness,0
lens is device,1
crime be investigation,0
current are pattern,0
water are tombolo,0
area are desert,0
image is video,0
breed are pet,0
polyethylene is product,1
project can developer,0
arm have protest,0
attempt have development,0
female are cow,0
dirge 's land,0
head 's reach,0
design have proliferation,0
desks are wood,0
plastic were trend,0
march was group,0
man has priest,0
fuel is fuel,0
order was %,0
alliance has member,1
blade was symbol,0
thing have fun,0
darkness been eye,0
culture were result,0
type is male,0
yeast are microorganism,0
asia is yew,0
vampire 's gloom,0
difference be process,0
size can mass,0
romanization is adjective,0
potato was food,0
ocean is body,1
braking is waterway,0
company is semtex,0
smallsword were target,0
kenya is energy,0
month has month,0
sea has element,0
planet is movement,0
skull have king,0
destiny is happening,0
river be potamology,0
identity been bondage,0
couch is form,0
head was thing,0
transfer is football,0
meteor be foot,0
gasoline can environment,0
pact can wisdom,0
germany is one,0
marche have attention,0
probe has crime,0
river were source,0
mind be sentence,0
year been game,0
activity is concern,0
body be part,0
mountain are action,0
constellation are work,0
voice was growl,0
other can side,0
vote was protest,0
week be water,0
condition can negotiation,0
group is compound,0
sword have blade,1
sword are slashing,0
origin is mixture,0
gallon is liter,0
tuber have glycoalkaloid,0
judgment was ax,0
earthquakes are philippines,0
neighbor have momentum,0
nasa have development,0
voltage can source,0
hydroxy- is iupac,0
mass is change,0
tomb was movement,0
brother is pro-overhaul,0
poaching is home,0
star can system,0
field be gift,0
foreigner can mitra,0
plastic is person,0
back Be hatred,0
cattle are type,0
hammer are material,0
record is type,0
starch be textile,0
starch is sugar,0
stone was magic,0
year was secret,0
sapindaceae are specie,1
specie are number,0
bench have rest,0
breeding are type,0
mass is term,0
port been place,0
country have degree,0
image is image,0
kingdom was government,0
basin be human,0
night are map,0
bestiality been face,0
atmosphere is feature,0
force are chemical,0
conference 'm fact,0
specie can united,0
fire be fire,0
industry is showpiece,0
people has reaction,0
Cattle are livestock,1
lense are material,0
gear be cog,1
usage is country,0
talent is ability,0
stain be thing,0
song was stylus,0
decision been order,0
pollution can world,0
oath am cross,0
island is typhoon,0
government has help,0
shrivel be body,0
union has month,0
genome was part,0
use is diesel,0
suspect were criticism,0
king is noble,1
judiciary was moment,0
sheet been km3,0
hardware is customer,0
freighter was helm,0
wisdom can day,0
stars can system,0
experience have goal,0
culture are chiefdom,0
armor was wolf,0
state has site,0
life 'm family,0
saturday is shipping,0
river were obstruction,0
planer are power,0
bike is wheeler,0
star is object,1
notice be king,0
reunification had foot,0
couple were wall,0
people had shelling,0
damehood are award,0
Cattle are source,0
plastic are fossil,0
ancestor is today,0
page 's time,0
earth was planet,0
future is torch,0
culture is aerospace,0
plastic are plastic,0
thing was wind,0
oil are diesel,0
barbarian were mercenary,0
simple are subject,0
destiny is aquilonia,0
cycle is human,0
charge is joule,0
byrnie were indo,0
world was man,0
glacier is body,0
god are race,0
rate is energy,0
quake was movement,0
people had authority,0
name being gulfs,0
tonight is fool,0
cohort is equivalent,0
% been %,0
development are spacex,0
stylus been papyrus,0
stylus have good,0
producer has city,0
hardware is musk,0
stock are image,0
tomato is berry,1
iran are desert,0
difference is volt,0
eye was astronomer,0
blue is water,0
ranger have incentive,0
economy is concern,0
drums are world,0
today are food,0
synthesizer is genre,0
substance is state,0
conspirator had cap,0
executive be medium,0
island is devastation,0
manufacturer been shift,0
desk be case,0
year had game,0
cattle were auroch,1
spacecraft have system,1
year is year,0
sector have capital,1
final was player,0
colombians are colombians,0
culture was scene,0
purpose been authority,0
economist had man,0
water is range,0
force are electroweak,0
steppe is candidate,0
ax had power,0
weapon can projectile,0
word was name,0
speed was tiger,0
plaque is form,0
cerevisiae is model,0
desk have drawer,0
football is passion,0
scientist have term,0
time is launch,0
guard has sentry,0
year have bare,0
mountain is portion,0
reservist been couch,0
river can name,0
ulsd is fuel,0
program be front,0
specie is relative,0
stone been stone,0
caravan were life,0
town was chart,0
government has discussion,0
lenses are device,0
economy been water,0
innovation have population,0
tomato are fruit,1
accretion has planet,0
seawater is sodium,0
tank have measure,0
think are day,0
diesel is petrodiesel,0
city are point,0
spear-thrower is weapon,1
rank had ideal,0
constellation are aratus,0
sol are board,0
other have one,0
year have weakness,0
diet is amount,0
sector is tightening,0
meteor have velocity,1
seawater is chloride,0
port have content,0
spirit 's flight,0
danger is assassination,0
effect were constant,0
dion been slave,0
combat is funding,0
trust are charge,0
darkness have material,0
sugar is sugar,0
year is cooperation,0
size are diameter,0
portrait is painting,0
junta has front,0
ship be salvager,0
fuel been majority,0
meteor have member,0
favor was regime,0
inflation is measure,0
order has criterion,0
people are disputed,0
table are dining,0
golamira is mysteries,0
property being use,0
animal have genome,0
invasion has dependency,0
one is number,1
republic are program,0
potato were half,0
movement is art,0
armour is hauberk,1
support be day,0
exoplanet been zone,0
gas has choice,0
string are hammer,0
change have spacex,0
life have sea,0
glacier is lack,0
protest been survey,0
tree be yew,0
work had flow,0
plastic have ha,0
interaction can evolution,0
island is khanun,0
model are mean,0
technique have drum,0
component is ancestry,0
technology are description,0
panel were country,0
project be construction,0
engine is designation,0
process are production,0
woomera is greeks,0
entity has operation,0
constellation were recognition,0
% is ecb,0
stone was tool,1
propane is group,0
nebulae are region,0
meshing have shape,0
epicenter was kilometer,0
time is starship,0
table is person,0
fao are cattle,0
wood be metal,0
fragment was horror,0
degree are degree,0
year be reception,0
people is person,0
favour has law,0
fang were throat,0
fund have source,0
crypt had figure,0
chariot be travel,0
spear 's user,0
sword have straighter,0
period being era,0
cattle have significance,0
king was way,0
horn is aphrodisiac,0
male are bull,0
deal been clash,0
man were fiend,0
water is water,0
iron is temperature,0
oil is us,0
material is planet,0
laureate has father,0
blade is gathering,0
heart was problem,0
breathing is officer,0
soldier has forefront,0
desk are exception,0
tides have range,0
couch are family,0
bank has enterprise,0
path are sword,0
china have way,0
cultivar are grafting,0
force is distance,0
bench can outdoor,0
officer was guard,1
rise 's person,0
cultivar are taste,0
object are size,0
river is watercourse,0
diesel are type,0
ship is spacex,0
production was military,0
plant are perennial,0
village were village,0
apple have thousand,0
oil are watercraft,0
apples have thousand,0
shadow have statue,0
situation is conclusion,0
option is reason,0
flight can account,0
bank are fund,0
component is steppe,0
ocean are water,0
negotiation am negotiation,0
design has thousand,0
tank are measure,0
engine being diesel,0
king was hand,0
arrow had chariot,0
invention has effect,0
plane are moulding,0
supporter were idea,0
system was year,0
woman ca time,0
hydroxy- is name,0
idea has effect,1
fact been skill,0
sugar is simple,0
tomatoes are source,0
researchers have order,0
picts have so,0
planing is surface,0
pad been water,0
universe being star,0
king is conan,0
surface is flattening,0
force was message,0
automobile were use,0
putschists have niger,0
way were contemporary,0
failure had slave,0
month been group,0
gigantic are web,0
change is water,0
desk be bicycle,0
% is interest,0
economy is strain,0
force has steel,0
hope be use,0
monster had shadow,1
monster had floor,0
everything are lot,0
fuel can fuel,0
plastics are system,0
night are prospero,0
circulation are heating,0
capability had light,0
astronomers can mass,0
chariot was conveyance,0
sword is shadow,0
inflation was energy,0
tool been period,0
system is membranophone,0
bench are person,0
plastic been plastic,0
gear is teeth,0
turtle are reptile,1
head had border,0
beer was spokesman,0
china is energy,0
terrorist been movement,0
hedgehog is mammal,1
day have freedom,0
basin are friday,0
company has worker,1
tool be hand,0
apple is fruit,1
mane was cloth,0
planet have association,0
moment was lace,0
power was sorcerer,0
joy 's player,0
system is employee,0
car have vessel,0
storm is northeast,0
rack had hand,0
space is vacuum, 1
diesel being type,0
stock has month,0
sound is head,0
crown be favor,0
thing was sane,0
king has year,0
colombian 're fan,0
fructose is solid,0
lens can light,0
driver was caravan,0
industry was association,0
rate have mortgage,0
sieversii is today,0
battle is war,0
foot am king,0
drum are world,0
couch can size,0
cycle can wind,0
demand 's dilemma,0
meteor are night,0
— is franc,0
industry are thank,0
sahel have challenge,0
surface is scale,1
turtles have meat,1
meteorologist have risk,0
south is pollution,0
sea been element,0
ice is weight,0
poitainian are part,0
north are land,0
one is war,0
term is period,1
notation is a,0
example is isthmus,0
exoplanets have zone,0
potato is nightshade,0
page were time,0
moon was shadow,0
government have developer,0
japan have typhoon,0
hide is leather,1
example are part,0
oil is fuel,1
music is range,0
sucrose is compound,0
counterpart is franc,0
land was map,0
outlaw has helmet,1
sword are straw,0
booster has ship,0
kenya is game-changer,1
detail been advent,0
background was barbarian,0
agent have face,1
porcupine are rodent,1
night are a,0
economy have year,0
cutlass were warfare,0
plastic are ground,0
others are exposure,0
hilt be sword,0
stone had stone,0
economy are confidence,0
conan is power,0
elevation have plant,0
couch is home,0
culture is risk,0
ring had man,0
city has month,0
fighting have part,0
fructose is honey,0
laureate been father,0
minister was terrorist,0
month was goal,0
order had production,0
gate be result,0
authority has bank,0
area is effect,0
men are folk,1
thick was fighter,0
labor was century,0
sight was hound,0
soldier been forefront,0
chemist have material,0
protester were lot,0
location be city,0
plastic was term,0
specie are asia,0
electromagnetism is branch,0
right has trade,0
sector has year,0
star is passage,0
% had interest,0
junta been front,0
world was supreme,0
name was gulfs,0
group has year,0
artifact have tool,0
example is climate,0
make was metal,0
energy has significance,0
ratio be machine,0
game ca home,0
climate is latitude,0
thracians is proto-thracians,0
rider is cyclist,1
desert were tribe,0
climate is cooler,1
nature had ring,0
people are citation,0
ship was spokesman,0
kilter is time,0
specie can potato,0
time was none,0
show have existence,0
yew is specie,1
tomatoes are berries,1
primitiveness be life,0
king been year,0
kiln were temperature,0
plasma is neon,0
sitcoms can sketch,0
state have time,0
door was outlaw,0
gift having fun,0
researcher have order,0
hand was betrayal,0
connection were area,0
rise are cattle,0
vehicle is transportation,0
philosophy be honor,0
dion was figure,0
north am land,0
maple have palmate,1
nylon is designation,0
study has leader,0
crisis is ecowas,0
culture is steppe,0
polymers have application,1
field have satellite,0
sleep be sheep,0
player is strategy,0
plant are temperate,0
particle is plasma,0
vine have stem,0
potamology is study,1
night have noble,0
area is percent,0
wall was foe,0
sabre had point,0
difference is δ,0
time is ground,0
chance have frontier,0
year is birth,0
other are star,0
shells are bone,1
theory is basis,0
notation is c,0
specie have habitat,1
camera are aid,0
bill are lot,0
ecowas have sahel,0
recycling is failure,0
song are scepter,0
slumber have conan,0
dart is action,0
fury was wound,0
flow has thing,0
poets is ascalante,0
thing be government,0
fuel is name,0
skin is shell,0
— are march,0
land is map,0
demand was calibre,0
land is cimmeria,0
business is trading,0
element are star,0
fear be port,0
junta has attack,0
size have mass,0
breeze can gasoline,0
summit is m,0
level are rotation,0
earth is sun,0
way were hand,0
economist is improvement,0
acid are year,0
publius can poets,0
crystalline is water,0
guard was guard,0
consumption is packaging,0
country have neighbor,1
cuirass was time,0
port be content,0
people been agency,0
material be color,0
canal are isthmus,0
good can poet,0
change are indicator,0
people been shelling,0
strait is sea,0
plane is plane,0
year were colonist,0
plane is generally,0
countenance was head,0
population been year,0
town was shipping,0
overhaul had trust,0
couple being wall,0
desk are wood,0
subspecies are breed,1
analyst have overhaul,0
night have agent,0
task are wit,0
flavor are way,0
plastic being landfill,0
desert been heart,0
wa have americans,0
research is microorganism,0
nebula are t,0
ascalante can well,0
time ca launch,0
happening are web,0
surgery had surgery,0
blood is man,0
drum is member,0
company had datum,0
chemist have science,0
side have hill,0
room was tapestry,0
bicycle has chain,1
agreement has potential,1
time is spacecraft,0
setting is pa,0
year be player,0
visibility is ram,0
object is location,0
car were history,0
wheatpaste be thickening,0
sentence was perforce,0
nature is ring,0
string was year,0
spring been human,0
developer has debt,1
tomato was part,0
meteor are size,0
arrangement is extension,0
tenor can f5,0
music is instrument,0
taurus are member,0
height have stem,0
% has slump,0
yew is part,0
outlaw Had king,0
accident be lock,0
vessel was lock,0
table is item,1
force be matter,0
process is energy,0
particle is state,0
apple have significance,0
monosaccharide is compound,0
man were man,0
exposure are processing,0
plant are height,0
sea is section,0
star are eye,0
climate being latitude,0
one are number,0
% being interest,0
river be name,0
space have data,0
helm was police,0
plateaus have top,1
pad has water,0
side was warfare,0
control was shame,0
man is arch,0
line were transport,0
chariot has wheel,1
king has night,0
tide have range,0
springs are surface,0
fun is thing,1
change are cost,0
delegation is der,0
body is star,0
tenor is b2,0
cars have control,0
conference 've fact,0
rivers are part,0
sword is cutting,1
genus is family,0
age is melting,0
people have magnitude,0
price were year,0
territory has installation,0
game have hospitals,0
field is radiation,0
% has %,0
employee have lie,0
deal have clash,0
township been activity,0
starch is papermaking,0
car are gasoline,0
sea is order,0
leech had gaze,0
antenna is %,0
shadow Had position,0
wa have police,0
control have vehicle,0
township had activity,0
ship is announcer,0
wind is movement,0
harvesting are cultivar,0
habitat are determinate,0
authority was capital,0
copper was form,0
world are moment,0
gear is transmission,0
chivalry were literature,0
people being panic,0
kin was presence,0
majority were cheer,0
sword has edge,1
moon can eye,0
scientist have climate,0
tension is difference,0
wheelchair has wheel,1
type is leggero,0
economy is quarter,0
grass is nameless,0
deal was clash,0
eye was hound,0
car have control,0
amylum is carbohydrate,1
situation have glass,0
bike is combustion,0
vegetable is sugar,0
abyss been moon,0
eye be likeness,0
life had family,0
tool were period,0
knight were battle,0
invention had effect,0
force is understood,0
situation was soldier,0
ornamentation was melting,0
asterism be star,0
polymer be variety,0
petroleum can melt,0
river is creek,0
others have glacier,0
cancer 's position,0
sound be component,0
developer have source,0
cvt is transmission,0
current are water,0
gate be stock,0
liquor 've border,0
source has sight,0
company are plan,0
land is sea,0
mass is factor,0
tomb was rest,0
wall were figure,0
earth has mass,1
phenomenon being river,0
situation has armament,0
outlaw Have care,0
knighthood is head,0
cost have production,0
month was planet,0
galaxy was century,0
synthesizer has genre,0
business are quality,0
announcer have rapid,0
other be side,0
total were power,0
face had youth,0
light are lense,0
sheet has km3,0
way were liking,0
wound 's death,0
hospital been alert,0
chamber can time,0
presence is power,0
archaeology has century,0
day was sword,0
leg have surface,1
acer is genus,1
nebula is eye,0
announcer have disassembly,0
table is table,0
problem are country,0
player is flight,0
intent is likeness,0
fuel be fuel,0
metal is fusion,0
quarterfinal was scorer,0
armchair has armrest,1
escarpment be number,0
table is alarm,0
plane is tool,1
cohort be equivalent,0
day were location,0
mainstream were act,0
acid is salt,0
petroleum can fiber,0
potato was location,0
people have earthquake,0
people can sword,0
mist was corridor,0
man have conan,0
material is carbon,0
citrate was civilization,0
activity had people,0
example is lima,0
keyboard is row,0
deed is people,0
game are king,0
soul was chant,0
ship were journey,0
eye was wine,0
america is ulsd,0
plant are annual,0
consumer has effect,0
bench be outdoor,0
product has level,0
people were culture,0
constellation is area,0
lord is matter,0
berries are ingredient,0
thing was mass,0
planet is m.,0
scepter has heart,0
fuel has name,0
statesman was outlaw,0
society have government,1
situation was conclusion,0
— is reason,0
asterism are definition,0
river is flowing,1
year was company,0
football are caicedo,0
other can exposure,0
poet is body,0
field are charge,0
substance is alcohol,0
century are source,0
project is developer,0
civilization is part,0
man was king,1
fahrenheit are degree,1
linkage is etymology,0
damehood being award,0
heart is cult,0
storage is carbohydrate,0
issue is arm,0
atmosphere being incandescence,0
territory were law,0
% been slump,0
subspecie are breed,1
life was life,0
chariot have burial,0
nebulae are star,0
kingdom have weapon,0
others are set,0
cimmeria are goblet,0
dung can manure,1
source be altitude,0
bench have others,0
capital was rainfall,0
gem been dion,0
ice is sheet,0
weapon can speed,0
cycle is cycle,0
controller have spacecraft,0
tournament has bang,0
rootstock are speed,0
thought was slave,0
music were mainstream,0
industry are thanks,0
manufacturer are way,0
stubbornness has ambition,0
king is feet—and—,0
gear is machine,0
bench are wood,0
enemy was period,0
culture are nomad,0
entity been operation,0
bicycle were century,0
judge has constitution,0
arrangement is december,0
mile is kilometer,0
people have state,1
region is crop,0
albicans are pathogen,0
back are hatred,0
alliance can freedom,0
voice has range,0
commander is count,0
example is temperate,0
synthesizer is instrument,1
island were passenger,0
genome is genus,0
glacier be mountain,0
plastic are range,0
i.e are meteoroid,0
death was foot,0
name is woman,0
monarch was death,1
reserve is displacement,0
fainter be body,0
fructose was chemist,0
definition are observer,0
knight was vassal,0
prosecutor have woman,0
bureau is piece,0
sun was statesman,0
instance was galaxy,0
cimmeria is war,0
diesel is diesel,0
extravagance had debt,0
specie is asia,0
couch is seating,0
region have rainfall,1
ore are tin,0
chesterfield is item,0
world are bank,0
ancient is men,0
use is derv,0
machine is heat,0
technique been drum,0
starch can textile,0
cry has echo,1
controller are spacecraft,0
group is group,0
countenance was door,0
movement is pillar,0
pitch had problem,0
indonesia is solar,0
child were rubble,0
spark were mask,0
gear can part,0
hate was blue,0
third was payment,0
springs have source,0
device can speed,0
rooftop has fixture,0
spacecraft have uranus,0
spacecraft is project,0
rivers are feature,0
fuel is distillate,0
effect is quantum,0
gazole is diesel,1
village has house,1
failure been slave,0
sale are future,0
cattle are india,0
matter is form,0
couch had goblet,0
blow was bite,0
space are vacuum,0
synthesizer be plug,0
alcohol is drug,0
initialism was music,0
spacecraft is star,0
star have constellation,0
cohort were culture,0
face have empire,0
person was steel,0
state being kingdom,1
plastic been landfill,0
name was priest,0
language is river,0
sitcom be comedy,1
solanine is consumption,0
back are be,0
climate has role,1
product been production,0
hilt can sword,0
yamnaya is adjective,1
eu is economy,0
area was metal,0
invasion be consumer,0
population has year,0
user can spear,0
football have expectation,0
year is acidifier,0
night are song,0
ministry 's decision,0
tableland is area,0
goal be country,0
festival is playback,0
voyager is star,0
thrower is range,0
yeast have electricity,0
message was army,0
bloc has sanction,0
negotiation have negotiation,0
reception 've game,0
woman had death,0
rating are aviation,0
mind is sentence,0
rebellion were society,0
man are folk,0
production is world,0
wheatpaste can thickening,0
need am outlander,0
starch is powder,1
civilization be part,0
year is indication,0
cut have access,0
thing had outline,0
berry are vegetable,0
country has access,0
lumber is lumber,0
refugee are woman,0
bossonians have aid,0
cattle are source,0
dagger is hilt,0
person was affair,0
rogue was ax,0
territory are order,0
membership has member,0
london are point,0
bestiality have face,0
development are engineering,0
fool is belt,0
ring being word,0
customer is human,1
week is illusion,0
star is hole,0
cohort was unit,1
culture are final,0
slumber have stamp,0
energy is move,0
field is device,0
car were animal,0
meteors have percent,0
point can build-up,0
transition is matter,0
sword is edge,0
february is von,0
rill are definition,0
synthesizer can plug-in,1
car is part,0
peace were kingdom,0
economy are danger,0
pitch has problem,0
corridor be stone,0
town is shipping,0
performance was presence,0
boat has role,0
liquid is fuel,0
dynamism is point,0
culture are study,0
euro been discussion,0
emphasis is area,0
reign is people,0
commander is ascalante,0
change is alternative,0
contemporary had fact,0
day was cancer,0
chemical are chemical,0
– is employee,0
developer been crisis,0
name be priest,0
sword is sign,1
port have port,0
change being water,0
nylon was diamine,0
sanction have government,0
football are expectation,0
decline was succession,0
step were outline,0
swordsman have urge,0
instrument was punch,0
rootstocks are speed,0
light is interaction,0
size be mass,0
month has group,0
problem be number,0
dion had slave,0