година	1
кажа	2
време	1
страна	1
дейност	1
ням	3
нов	3
нещо	1
път	1
знам	2
решение	1
имам	1
български	3
дружество	1
ден	1
съд	1
голям	3
част	1
работа	1
член	1
искам	2
под	1
лице	1
цял	3
ръка	1
име	1
връзка	1
човек	1
място	1
цел	1
край	1
дума	1
случай	1
основание	1
жена	1
взема	2
търговски	3
глава	1
град	1
последен	3
вид	1
живот	1
управление	1
око	1
закон	1
съвет	1
става	2
въпрос	1
започна	2
капитал	1
използвам	2
видя	2
сила	1
право	1
направя	2
дете	1
държавен	2
представлявам	2
мисля	2
адрес	1
свят	1
хор	1
услуга	1
час	1
европейски	3
дам	2
група	1
момент	1
вода	1
система	1
държава	1
мъж	1
казвам	2
малък	3
национален	3
промяна	1
стана	2
срок	1
област	1
получа	2
стар	3
условие	1
стока	1
село	1
продукт	1
общ	3
правя	2
комисия	1
различен	3
дойда	2
език	1
производство	1
остана	2
брой	1
месец	1
управлявам	2
хора	1
информация	1
земя	1
проект	1
сделка	1
ред	1
община	1
проблем	1
река	1
вписвам	2
основен	3
намирам	2
гледам	2
глас	1
средство	1
окръжен	3
разбера	2
история	1
отговор	1
пара	1
външен	3
предмет	1
впиша	2
отговорност	1
район	1
син	1
приема	2
намеря	2
договор	1
възможност	1
министър	1
прав	3
продажба	1
дело	1
резултат	1
давам	2
няма	2
посоча	2
начало	1
върна	2
цена	1
попитам	2
едноличен	3
смятам	2
приложение	1
данни	1
опит	1
финансов	3
продължа	2
говоря	2
точка	1
известен	3
реша	2
живея	2
оставя	2
директор	1
душа	1
поглед	1
софийски	3
период	1
седалище	1
къща	1
започвам	2
вестник	1
направа	1
имот	1
открия	2
военен	3
компания	1
собственик	1
вътрешен	3
причина	1
очаквам	2
международен	3
политически	3
мина	2
пазар	1
успея	2
развитие	1
спра	2
вижда	2
чуя	2
млад	3
баща	1
разбира	2
нося	2
център	1
погледна	2
правителство	1
регистър	1
необходим	3
врата	1
отида	2
власт	1
фирма	1
седмица	1
търговия	1
градски	3
помощ	1
продължавам	2
обърна	2
организация	1
бял	3
действие	1
господин	1
определя	2
изглежда	2
програма	1
книга	1
избор	1
пълен	3
форма	1
документ	1
партия	1
орган	1
нямам	2
държа	2
стая	1
световен	3
майка	1
план	1
поставя	2
управител	1
смърт	1
население	1
войн	1
променя	2
изляза	2
стоя	2
главен	3
приятел	1
пациент	1
тяло	1
век	1
стан	1
представя	2
вляза	2
работя	2
среща	1
банка	1
дом	1
заявя	2
висок	3
местен	3
представител	1
оставам	2
мярка	1
дата	1
бог	1
среда	1
състояние	1
търся	2
процес	1
основа	1
общност	1
президент	1
семейство	1
американски	3
кораб	1
политик	1
тръгна	2
стойност	1
иск	1
сметка	1
види	2
нощ	1
председател	1
получавам	2
отвърна	2
обичам	2
изискване	1
крак	1
създам	2
стигна	2
материал	1
единствен	3
българин	1
регламент	1
интерес	1
идея	1
идвам	2
отбор	2
важен	3
съюз	1
съобщя	2
параграф	1
събрание	1
мисъл	1
минута	1
покупка	1
състав	1
икономически	3
народен	3
животно	1
маса	1
флаг	1
участвам	2
република	1
контрол	1
сграда	1
източник	1
филм	1
съдържам	2
пиша	2
участие	1
сигурност	1
стена	1
картинка	1
официален	3
агенция	1
внимание	1
бия	2
тип	1
вдигна	2
предложение	1
човешки	3
наричам	2
поема	2
съответствие	1
недвижим	3
момче	1
брат	1
размер	1
икона	1
руски	3
гора	1
означавам	2
миг	1
представителство	1
истински	3
покажа	2
училище	1
прилагам	2
чакам	2
изследване	1
специален	3
министерство	1
включвам	2
огромен	3
съдебен	3
значение	1
водя	2
обект	1
съществувам	2
съдружник	1
подам	2
сърце	1
положение	1
светлина	1
служба	1
роля	1
граждански	3
показвам	2
играя	2
моля	2
факт	1
помисля	2
употреба	1
територия	1
граница	1
убия	2
лечение	1
ниво	1
прием	1
текст	1
наблюдавам	2
велик	3
извършвам	2
долар	1
посредничество	1
дълъг	3
вечер	1
номер	1
забележа	2
доклад	1
говор	1
предприятие	1
степен	1
предлагам	2
правило	1
чужбина	1
обществен	3
социален	3
директива	1
карта	1
процедура	1
английски	3
места	1
армия	1
опитвам	2
силен	3
собственост	1
струва	2
кон	1
защита	1
отговарям	2
позиция	1
момиче	1
народ	1
нужда	1
споразумение	1
обясня	2
информационен	3
личен	3
култура	1
годишен	3
германий	1
храна	1
общество	1
окажа	2
ад	1
знача	2
добавя	2
среден	3
изпълнение	1
познавам	2
лекар	1
оценка	1
вещество	1
кола	1
движение	1
превозен	3
евро	1
централен	3
проучване	1
влизам	2
чувство	1
задължение	1
изпратя	2
игра	1
рекламен	3
рамка	1
изпълня	2
смисъл	1
списък	1
работен	3
улица	1
жив	3
предоставя	2
разбирам	2
разход	1
представа	1
създавам	2
площ	1
рамо	1
вярвам	2
акция	1
море	1
качество	1
дърво	1
първоначален	3
лев	1
линия	1
включително	1
помогна	2
бизнес	1
фонд	1
пръст	1
доза	1
събитие	1
тежък	3
виждам	2
писмо	1
желание	1
сайт	1
проведа	2
служител	1
дял	1
затвор	1
варен	3
цар	1
чета	2
извикам	2
френски	3
удар	1
западен	3
туристически	3
отчет	1
регион	1
разговор	1
възможен	3
краен	3
разпоредба	1
църква	1
труд	1
парламент	1
автор	1
борба	1
заповед	1
риск	1
отделение	1
твърд	3
кръв	1
описание	1
отделен	3
нарека	2
адвокат	1
мач	1
неопределен	3
отвор	1
родя	2
бряг	1
песен	1
административен	3
въздух	1
изисквам	2
крал	1
физически	3
хвърля	2
акт	1
седна	2
разрешение	1
научен	3
избера	2
база	1
реакция	1
технически	3
събера	2
загуба	1
гражданин	1
установя	2
шеф	1
гол	1
истина	1
сутрин	1
любов	1
поле	1
остров	1
предвидя	2
свободен	3
доведа	2
оръжие	1
сума	1
количество	1
университет	1
икономика	1
институция	1
прозорец	1
откажа	2
северен	3
чувствам	2
организирам	2
гръцки	3
опис	1
южен	3
принцип	1
сложа	2
задача	1
полиция	1
науча	2
позволя	2
незабранен	3
операция	1
дневен	3
награда	1
вещ	1
разлика	1
препратка	1
извърша	2
зала	1
машина	1
турски	3
поява	1
падна	2
гръб	1
страх	1
съпруг	1
допълнителен	3
мрежа	1
проверка	1
уста	1
пусна	2
възраст	1
строеж	1
модел	1
поискам	2
отивам	2
общински	3
карам	1
действам	2
връх	1
близък	3
усмихна	2
предам	2
надявам	2
липса	1
пост	1
капитан	1
метод	1
предложа	2
странен	3
кожа	1
превърна	2
желая	2
сторя	2
планина	1
комитет	1
литература	1
усилие	1
дъщеря	1
наука	1
легло	1
изменение	1
постигна	2
накарам	2
жител	1
образование	1
мнение	1
слънце	1
врат	1
хвана	2
предполагам	2
снимка	1
седя	2
ефект	1
запазя	2
сериозен	3
притежавам	2
свърша	2
бюджет	1
кръг	1
премиер	1
изправя	2
тема	1
свобода	1
производител	1
знак	1
клуб	1
слушам	2
надежда	1
успех	1
изкуство	1
сестра	1
чужд	3
ситуация	1
изпълнителен	3
болка	1
комисионен	3
наложа	2
лек	3
лидер	1
частен	3
вървя	2
използване	1
вида	2
златен	3
щат	1
сръбски	3
строителство	1
код	1
биография	1
внос	1
тон	1
функция	1
лекарствен	3
съдържание	1
източен	3
войник	1
ляв	3
войска	1
камък	1
преработя	2
горен	3
зона	1
обадя	2
извадя	2
посока	1
подкрепа	1
ос	1
движа	2
благодаря	2
грижа	1
кмет	1
поддържам	2
структура	1
музика	1
елемент	1
подходящ	3
умра	2
чуждестранен	3
дух	1
победа	1
последвам	2
ясен	3
куче	1
клиент	1
насоча	2
буква	1
огън	1
кабинет	1
сезон	1
медицински	3
нарушение	1
бъдеще	1
телефон	1
транспортен	3
изпълнявам	2
клас	1
оглед	1
висш	3
минавам	2
включа	2
исторически	3
призная	2
метър	1
изчезна	2
позволявам	2
доктор	1
самолет	1
анализ	1
дреха	1
хубав	3
обработен	3
разкажа	2
отбележа	2
налага	2
широк	3
селище	1
бележка	1
жалба	1
съобщение	1
следа	1
връщам	2
културен	3
обучение	1
сектор	1
личност	1
опитам	2
чест	1
височина	1
заменя	2
дявол	1
процент	1
стъпка	1
автомобил	1
небе	1
битка	1
регистрирам	2
генерал	1
енергия	1
акционер	1
заличавам	2
считам	2
чувам	2
приличам	2
кандидат	1
износ	1
устна	1
опасност	1
следвам	2
окръг	1
устройство	1
завърша	2
империя	1
лош	3
състоя	2
газ	1
чаша	1
цвят	1
столица	1
заема	2
влияние	1
престъпление	1
кимна	2
стандарт	1
ходя	2
характер	1
звезда	1
професионален	3
занимавам	2
забравя	2
портрет	1
произход	1
усмивка	1
юридически	3
спя	2
отнася	2
освободя	2
страница	1
съвременен	3
разполагам	2
спомен	1
пия	2
лекарство	1
пристигна	2
наименование	1
война	1
пространство	1
изменя	2
учител	1
практик	1
срещна	2
сътрудничество	1
намерение	1
предишен	3
морски	3
гръд	1
дълг	1
препродажба	1
ръководство	1
изключение	1
обзавеждане	1
електронен	3
убийство	1
род	1
мъртъв	3
жертва	1
конкретен	3
категория	1
инвестиция	1
задържа	2
криза	1
данък	1
уча	2
институт	1
съдия	1
премина	2
новина	1
минало	1
питам	2
хотел	1
провеждам	2
вятър	1
колега	1
пример	1
достигна	2
гост	1
строителен	3
медия	1
издавам	2
албум	1
харесвам	2
дружествен	3
тъмен	3
нисък	3
доказателство	1
режим	1
редица	1
лежа	2
депутат	1
поведение	1
болест	1
търговец	1
заем	1
красив	3
участник	1
лист	1
зелен	3
изграждане	1
складов	3
полза	1
проверя	2
публикувам	2
богат	3
наредба	1
студен	3
съзнание	1
израз	1
изпитване	1
герой	1
събирам	2
потребител	1
раздел	1
прехвърляне	1
обява	1
служа	2
напиша	2
пазя	1
преговор	1
екип	1
ученик	1
развивам	2
интересен	3
транспорт	1
ухо	1
искане	1
сравнение	1
активен	3
ръководител	1
секретар	1
изпитвам	2
скорост	1
оказвам	2
регионален	3
донеса	2
излижа	2
програмен	3
съоръжение	1
образ	1
безопасност	1
достъп	1
осигуря	2
десен	3
администрация	1
сваля	2
липсвам	2
обикновен	3
запитам	2
продължение	1
допускам	2
печалба	1
инструмент	1
роман	1
предизвикам	2
постоянен	3
касационен	3
заболяване	1
решавам	2
технология	1
спедиционен	3
господ	1
чист	3
сън	1
завършвам	2
римски	3
грешка	1
теория	1
успявам	2
опасен	3
учен	1
съмнение	1
неизвестен	3
двигател	1
младеж	1
ширина	1
фигура	1
госпожа	1
остър	3
умирам	2
птица	1
обявя	2
специалист	1
временен	3
експерт	1
губя	2
болен	3
обстоятелство	1
родител	1
фактор	1
немски	3
температура	1
стол	1
интелектуален	3
прибера	2
гарантирам	2
бърз	3
заплата	1
картина	1
коса	1
двор	1
тайна	1
ум	1
стил	1
сцена	1
реформа	1
дължа	1
звук	1
публичен	3
господар	1
обръщам	2
срещам	2
конкурс	1
дължина	1
определяне	1
магазин	1
германски	3
играч	1
убедя	2
съдба	1
писател	1
вик	1
разделя	2
пол	1
образувам	2
спомня	2
крия	2
намаля	2
такса	1
боен	3
провинция	1
инвестиционен	3
предприема	2
разглеждам	2
спася	2
нос	1
император	1
измъкна	2
наем	1
продукция	1
градина	1
скъп	3
приход	1
детски	3
застана	2
данъчен	3
вълна	1
прочета	2
вариант	1
македонски	3
увелича	2
приближа	2
повод	1
офицер	1
таблица	1
изток	1
здраве	1
осигурявам	2
управителен	3
превръщам	2
удоволствие	1
отправя	2
подготовка	1
телевизия	1
заседание	1
продавам	2
скала	1
интернет	1
ранен	3
заведа	2
сдружение	1
запад	1
предвиждам	2
докажа	2
селскостопански	3
одобря	2
секунда	1
превод	1
законодателство	1
откривам	2
хотелиерски	3
мир	1
природа	1
разказвам	2
офис	1
извършване	1
разстояние	1
присъствие	1
кратък	3
помещение	1
обяснявам	2
осъществявам	2
радвам	2
построя	2
коментирам	2
схема	1
началник	1
британски	3
дама	1
свържа	2
определение	1
полицай	1
театър	1
тръгвам	2
днешен	3
бой	1
съглася	2
същество	1
достигам	2
връв	1
усет	1
особен	3
счетоводен	3
ъгъл	1
разтвор	1
работник	1
мил	3
помагам	2
характеристика	1
избягам	2
разреша	2
зъб	1
заведение	1
сянка	1
контролирам	2
клиничен	3
консултантски	3
съветски	3
реален	3
спечеля	2
познат	1
протокол	1
бюро	1
приемам	2
допълнение	1
банков	3
повърхност	1
плащане	1
езеро	1
марка	1
слаб	3
издание	1
ход	1
преминавам	2
опаковка	1
равен	3
съхранявам	2
отпусна	2
статия	1
специфичен	3
завися	2
женски	3
крачка	1
спирам	2
оператор	1
явя	2
кредит	1
кол	1
минимален	3
вино	1
копие	1
актив	1
необходимост	1
пътуване	1
етап	1
ресурс	1
върховен	3
тел	1
повярвам	2
ида	2
италиански	3
здравен	3
пътник	1
риба	1
шум	1
способност	1
зависимост	1
появявам	2
сегашен	3
доход	1
партньор	1
промишлен	3
актьор	1
помня	2
прокурор	1
прост	3
дълбок	3
клетка	1
хранителен	3
разположение	1
изглеждам	2
лято	1
смея	2
мъжки	3
курс	1
потвърдя	2
интересувам	2
усещам	2
заден	3
гласувам	2
ползвам	2
подпиша	2
спортен	3
манастир	1
изпращам	2
произведение	1
търг	3
възрастен	3
пътувам	2
обем	1
число	1
вземане	1
балкански	3
скрия	2
изделие	1
избирам	2
отдел	1
природен	3
лъжа	2
радост	1
стратегия	1
компетентен	3
издам	2
споделя	2
страхувам	2
болница	1
отделя	2
обещая	2
журналист	1
здрав	3
селски	3
нар	1
затворен	3
съжалявам	2
продам	2
ценен	3
критерий	1
приключа	2
пазарен	3
прекъсна	2
враг	1
изградя	2
парче	1
молба	1
посещение	1
конфликт	1
изглед	1
преден	3
отворя	2
наредя	2
парк	1
парламентарен	3
лиценз	1
одобрение	1
мисия	1
правен	3
верига	1
изненада	1
професор	1
традиция	1
плод	1
купа	1
сигнал	1
освобождаване	1
свързвам	2
политика	1
обвинение	1
появя	2
предпочитам	2
търсене	1
воля	1
максимален	3
съобщавам	2
декларация	1
раждане	1
празен	3
нормален	3
кампания	1
намаляване	1
наведа	2
първенство	1
техник	1
издаден	3
древен	3
прекарам	2
получаване	1
провеждане	1
музикален	3
отбрана	1
твърдя	2
студент	1
спор	1
единица	1
подкрепя	2
принудя	2
слава	1
коридор	1
литературен	3
канал	1
наблюдение	1
значителен	3
музей	1
отказвам	2
нежелан	3
справя	2
щастлив	3
земеделски	3
бъдещ	3
паметник	1
свет	1
покрия	2
кръст	1
осигуряване	1
етаж	1
енергиен	3
становище	1
шанс	1
фон	1
предаване	1
скоча	2
разговарям	2
клон	1
върша	2
обяснение	1
туризъм	1
север	1
оборудване	1
почувствам	2
равнище	1
противен	3
естествен	3
атака	1
помоля	2
месо	1
вход	1
наличие	1
въведа	2
отнасям	2
поток	1
контакт	1
ремонт	1
регистрация	1
турчин	1
дядо	1
воден	3
заглавие	1
проба	1
радио	1
вина	1
агент	1
тегло	1
столичен	3
гориво	1
реклама	1
попадна	2
варненски	3
джоб	1
инвеститор	1
растение	1
командир	1
турнир	1
присъствам	2
настъпя	2
пека	2
посочвам	2
граф	1
кача	2
лагер	1
свия	2
достатъчен	3
напрежение	1
щастие	1
подготвя	2
дребен	3
жълт	3
финансиране	1
слънчев	3
кафе	1
преглед	1
знание	1
признавам	2
сълза	1
загубя	2
издаване	1
впечатление	1
ангел	1
комплекс	1
купя	2
стопанство	1
километър	1
компютър	1
товар	1
спомена	2
строг	3
назнача	2
празник	1
храм	1
брак	1
положителен	3
титла	1
районен	3
див	3
настоявам	2
боря	2
кухня	1
експлоатация	1
звуча	2
генерален	3
дирекция	1
внеса	2
юг	1
отнема	2
влизане	1
спорт	1
външнотърговски	3
предоставяне	1
баба	1
механизъм	1
задължителен	3
водещ	3
дъно	1
треньор	1
непознат	3
нуждая	2
принадлежа	2
приложа	2
смях	1
футболист	1
загина	2
електрически	3
спека	2
шампион	1
цигара	1
борд	1
кутия	1
доверие	1
въоръжен	3
въвеждане	1
приготвя	2
прехвърля	2
откриване	1
блок	1
въртя	2
намалявам	2
ужас	1
обратен	3
османски	3
понятие	1
повтарям	2
памет	1
специализирам	2
събудя	2
футболен	3
стъкло	1
пея	2
спомням	2
предстои	2
верен	3
кос	1
топъл	3
списание	1
лодка	1
книжа	1
тесен	3
пистолет	1
отхвърля	2
художник	1
дървен	3
разен	3
прокуратура	1
домашен	3
сфера	1
длъжност	1
проява	1
разкрия	2
импресарски	3
течение	1
учебен	3
полицейски	3
дъх	1
замина	2
възстановяване	1
документация	1
предавам	2
гняв	1
очакване	1
планирам	2
плащам	2
отговоря	2
любим	3
допусна	2
честота	1
жилище	1
беден	3
нож	1
приватизация	1
призовавам	2
доволен	3
кръвен	3
телефонен	3
покрив	1
покана	1
оперативен	3
заявление	1
религия	1
полет	1
замисля	2
масло	1
поклатя	2
представяне	1
обявявам	2
прошепна	2
летище	1
съединен	3
кула	1
мост	1
разследване	1
епоха	1
стисна	2
произвеждам	2
измина	2
облечен	3
въздушен	3
точен	3
наставка	1
устав	1
увеличение	1
труп	1
чувал	1
министерски	3
тест	1
увеличавам	2
религиозен	3
сведение	1
поръчка	1
доставка	1
тънък	3
изследвам	2
ужасен	3
привлека	2
характерен	3
апартамент	1
коалиция	1
асоциация	1
засягам	2
сив	3
водач	1
позная	2
персонал	1
мозък	1
придобия	2
еднакъв	3
заплаха	1
стопански	3
подробност	1
спокоен	3
проявявам	2
художествен	3
дъжд	1
испански	3
съществен	3
коляно	1
старец	1
разчитам	2
съседен	3
праг	1
двоен	3
пристанище	1
княз	1
въздействие	1
потърся	2
другар	1
тенденция	1
концентрация	1
трудов	3
взимам	2
таблетка	1
невероятен	3
поколение	1
пловдивски	3
изразя	2
шапка	1
съгласие	1
надпис	1
уверя	2
киселина	1
съществуване	1
свидетел	1
произведа	2
писмен	3
предупредя	2
версия	1
махна	2
противник	1
арестувам	2
богатство	1
изразявам	2
длъжен	3
приказка	1
независим	3
ръст	1
отворен	3
съжаление	1
вяра	1
престана	2
лизинг	1
отбелязвам	2
баня	1
портал	1
крепост	1
лекувам	2
дупка	1
творба	1
изпит	1
налягане	1
ограничение	1
мотив	1
намеса	1
дебел	3
настроение	1
съставен	3
смяна	1
куп	1
мандат	1
модерен	3
професия	1
осъществяване	1
апарат	1
изготвя	2
чело	1
въздъхна	2
ключ	1
труден	3
промишленост	1
планета	1
телевизионен	3
комбинация	1
разказ	1
ответник	1
печат	1
статистик	1
присъда	1
изгубя	2
прекрасен	3
убиец	1
далечен	3
взаимен	3
традиционен	3
глупав	3
отразявам	2
къс	3
пряк	3
разгледам	2
изход	1
ядрен	3
подавам	2
кралица	1
въстание	1
страшен	3
посетя	2
запис	1
паричен	3
викам	2
запозная	2
цвете	1
ресторантьорство	1
вечеря	1
обичаен	3
освобождавам	2
обслужване	1
подход	1
наказание	1
конституция	1
знаме	1
квартал	1
пушка	1
кредитен	3
академия	1
символ	1
соча	2
заговор	1
евентуален	3
измисля	2
превоз	1
пожелая	2
постъпя	2
конвенция	1
начален	3
колона	1
състезание	1
инициатива	1
земеделие	1
режисьор	1
препоръчвам	2
обвиня	2
мляко	1
засегна	2
раста	2
съпруга	1
серия	1
гаранция	1
местност	1
разпределение	1
обработка	1
земен	3
облак	1
редовен	3
проектиране	1
носител	1
татко	1
дивизия	1
предизвиквам	2
дворец	1
напускам	2
хотелиерство	1
статут	1
полезен	3
спусна	2
посрещна	2
напомня	2
повтор	1
изложа	2
стадион	1
мъка	1
полковник	1
успокоя	2
платя	2
членство	1
отчитам	2
информирам	2
предназнача	2
запиша	2
обединен	3
фаза	1
осъществя	2
революционен	3
скандал	1
засмея	2
завод	1
бутилка	1
часовник	1
едър	3
усещане	1
оттегля	2
действителност	1
публика	1
повдигна	2
финанси	1
приятен	3
производствен	3
кост	1
стълба	1
свети	2
духовен	3
пета	1
хляб	1
долина	1
купувам	2
племе	1
тих	3
независимост	1
притисна	2
нощен	3
присъединяване	1
таен	3
ръководя	2
каменен	3
тълпа	1
океан	1
присъединя	2
хълм	1
докосна	2
умение	1
етнически	3
библиотека	1
мрак	1
реч	1
станция	1
замък	1
свиквам	2
възнаграждение	1
скрит	3
натиск	1
увеличаване	1
слово	1
отнеса	2
сертификат	1
резерв	1
метал	1
страдам	2
цитирам	2
корупция	1
конференция	1
организъм	1
мъча	2
сложен	3
чудо	1
контролен	3
охрана	1
лига	1
сняг	1
представям	2
гърло	1
душ	1
възприема	2
компютърен	3
въпросен	3
вдигам	2
тежест	1
ценност	1
бургаски	3
опреда	2
издигам	2
шофьор	1
нападение	1
футбол	1
явление	1
реализирам	2
обсъждам	2
дръпна	2
борса	1
рядък	3
железен	3
образец	1
захар	1
финал	1
пункт	1
лихва	1
формула	1
лъч	1
норма	1
свещеник	1
описвам	2
отварям	2
философия	1
злато	1
възкликна	2
унищожа	2
гроб	1
повишаване	1
девойка	1
протегна	2
вкус	1
мнозинство	1
пътен	3
индивидуален	3
имущество	1
класически	3
митнически	3
открит	3
същност	1
хан	1
припомня	2
алтернативен	3
войвода	1
заповядам	2
демокрация	1
излизам	2
съветник	1
запаля	2
масов	3
риза	1
цялостен	3
интервю	1
мълча	2
уред	1
преследвам	2
виновен	3
кралство	1
сух	3
подчертая	2
пътека	1
пристъп	1
жесток	3
пропусна	2
отменя	2
емисия	1
стрелям	2
стремя	2
разпространение	1
забелязвам	2
влак	1
признак	1
кино	1
трева	1
двойка	1
семеен	3
издържа	2
предварителен	3
поддържане	1
близост	1
архив	1
луд	3
полк	1
чудя	2
осъдя	2
обнародване	2
попадам	2
правилен	3
поет	1
съответствам	2
защитен	3
мек	3
издигна	2
пратя	2
единен	3
наследник	1
реализация	1
обувка	1
конкуренция	1
румънски	3
конгрес	1
ям	2
готвя	2
призова	2
рокля	1
тим	1
способен	3
нараствам	2
меч	1
преработка	1
планински	3
черта	1
подпис	1
пакет	1
концесия	1
понеса	2
легна	2
осъзная	2
екипаж	1
изрека	2
споменавам	2
заслужавам	2
лампа	1
консултация	1
повишен	3
пещера	1
название	1
лорд	1
растеж	1
почва	1
терен	1
термин	1
читател	1
каса	1
разпределя	2
активност	1
мълчание	1
лизингов	3
американец	1
преча	2
нормативен	3
лаборатория	1
посланик	1
мирен	3
алкохол	1
тишина	1
християнски	3
показател	1
практика	1
зима	1
вноска	1
длан	1
оправя	2
спазвам	2
пада	2
отличен	3
хранене	1
заключа	2
концерт	1
кодекс	1
материален	3
вероятност	1
хърватски	3
убивам	2
глупост	1
сменя	2
защитавам	2
слух	1
симптом	1
страст	1
областен	3
метален	3
сребърен	3
подлежа	2
орден	1
постигане	1
полски	3
разбиране	1
чичо	1
съдя	1
летен	3
животински	3
чужденец	1
успешен	3
почина	2
неприятен	3
горещ	3
изображение	1
изчакам	2
предходен	3
отговорен	3
потъна	2
младост	1
обсъдя	2
правосъдие	1
извод	1
квалификация	1
инцидент	1
отряд	1
пилот	1
горски	3
извършен	3
здравеопазване	1
служебен	3
заключение	1
пощенски	3
космически	3
установявам	2
лича	2
основавам	2
продължителен	3
възникна	2
въже	1
демократичен	3
ефективност	1
вися	2
слагам	2
камера	1
забележка	1
мощност	1
китайски	3
плача	2
компонент	1
бюджетен	3
автомобилен	3
отпадък	1
хартия	1
зрител	1
пролет	1
оценявам	2
кралски	3
опашка	1
изхвърля	2
приближавам	2
инфраструктура	1
министър-председател	1
география	1
харесам	2
гимназия	1
костюм	1
изработя	2
яйце	1
прекратя	2
ресторант	1
ток	1
луна	1
правилник	1
късмет	1
наруша	2
взаимодействие	1
нива	1
изпълнител	1
притежател	1
легенда	1
японски	3
холдинг	1
договарям	2
партиен	3
галерия	1
екран	1
красота	1
забера	2
майстор	1
десетилетие	1
многоброен	3
изключа	2
поканя	2
крило	1
изключителен	3
революция	1
семе	1
федерация	1
лента	1
твърдение	1
черен	3
македоно-одрински	3
заловя	2
опазване	1
обхващам	2
географски	3
ефективен	3
съхранение	1
целуна	2
надзор	1
извор	1
сетя	2
събиране	1
топка	1
растителен	3
огранича	2
преместя	2
опозиция	1
допълня	2
произнеса	2
избегна	2
изтичане	1
приятелка	1
щаб	1
първичен	3
баланс	1
повиша	2
инсулин	1
използувам	2
тека	2
възстановя	2
грък	1
преход	1
свойство	1
излъчвам	1
мрачен	3
селянин	1
реагирам	2
подземен	3
летя	2
измерване	1
роднина	1
стратегически	3
съмнявам	2
предимство	1
опиша	2
химически	3
вълк	1
положа	2
фестивал	1
държава-членка	1
особеност	1
оставям	2
страничен	3
свикна	2
пясък	1
записвам	2
увреждане	1
проверявам	2
изненадам	2
протест	1
славянски	3
следя	2
залив	1
загледам	2
отдаване	1
установяване	1
спазване	1
насилие	1
облекло	1
наказателен	3
оферта	1
коментар	1
различавам	2
избухна	2
глобален	3
бягам	2
сърбин	1
предупреждение	1
незаконен	3
сериал	1
жилищен	3
мощен	3
нация	1
куршум	1
забрава	1
почивка	1
капацитет	1
алинея	1
родина	1
концесионен	3
изражение	1
царство	1
пристигам	2
обхват	1
ракета	1
самостоятелен	3
бебе	1
школа	1
подложа	2
прибавя	2
извиня	2
счупя	2
мечта	1
досегашен	3
огледало	1
формирам	2
есен	1
ловец	1
маркетинг	1
прекратяване	1
обхвана	2
физик	1
популярен	3
участък	1
уточня	2
узная	2
ползване	1
напълня	2
разкривам	2
слуга	1
подозирам	2
кожен	3
мениджър	1
критик	1
плащ	1
свиря	2
тревога	1
затворя	2
владетел	1
пита	1
познание	1
напитка	1
агентство	1
съсед	1
връщане	1
домакин	1
площад	1
вечен	3
корен	1
автоматичен	3
предпазен	3
изкуствен	3
олимпийски	3
форум	1
таван	1
бар	1
творчество	1
бомба	1
раня	2
стъпало	1
защитя	2
ръб	1
склад	1
задавам	1
мразя	2
нежен	3
възнамерявам	2
изложба	1
месечен	3
подробен	3
омъжа	2
заспя	2
разум	1
суров	3
шия	2
посещавам	2
реалност	1
чувствувам	2
гъст	3
остатък	1
фронт	1
раждам	2
уведомя	2
катастрофа	1
деец	1
следствие	1
побързам	2
поредица	1
частица	1
комуникация	1
гласуване	1
чуден	3
подобряване	1
посредник	1
направление	1
фамилия	1
буза	1
упълномощя	2
завъртя	2
бъбречен	3
доказвам	2
тръба	1
сценарий	1
задам	2
оцелея	2
преценя	2
придобиване	1
рицар	1
съставя	2
мръсен	3
статистически	3
корпус	1
последица	1
котка	1
морален	3
забравям	2
смъртен	3
валута	1
внимавам	2
поговоря	2
салон	1
заявявам	2
мобилен	3
медицина	1
уникален	3
организиране	1
развия	2
инфекция	1
оценя	2
оригинален	3
стандартен	3
пострадам	2
буря	1
пожар	1
нападна	2
лицензионен	3
отведа	2
централа	1
белег	1
умен	3
монета	1
причиня	2
разширя	2
шоу	1
отец	1
прогноза	1
изявление	1
шосе	1
наличен	3
приложим	3
звено	1
престъпност	1
изтичам	2
оставка	1
мъгла	1
премествам	2
ангажимент	1
индивид	1
заложа	2
отразя	2
наследство	1
внасям	2
разработя	2
место	1
консул	1
поезия	1
усетя	2
запазвам	2
моряк	1
специалност	1
арабски	3
разширяване	1
корем	1
препарат	1
привличам	2
евреин	1
купувач	1
сключа	2
страхотен	3
придружа	2
изтегля	2
обещавам	2
извърна	2
озова	2
застрахователен	3
конструкция	1
валутен	3
спокойствие	1
приоритет	1
вкарам	2
гара	1
значим	3
дипломатически	3
пламък	1
запас	1
византийски	3
биологичен	3
покупко-продажба	1
кворум	1
вежда	1
албански	3
медал	1
подпомагане	1
пръстен	1
експерт-счетоводител	1
стремеж	1
вземам	2
строя	2
поддръжка	1
бизнесмен	1
пера	2
спад	1
стих	1
изречение	1
препоръка	1
усмихвам	2
революционер	1
платно	1
възниквам	2
социалистически	3
колело	1
полагам	2
разрешителен	3
доставчик	1
стълб	1
победител	1
бира	1
православен	3
обещание	1
бързам	2
граничен	3
сляза	2
тревожа	2
благороден	3
дизайн	1
принос	1
инженер	1
доставя	2
защитник	1
сърдечен	3
плоча	1
облека	2
посветя	2
изнеса	2
одобрявам	2
зърна	2
пресен	3
чай	1
поп	1
атмосфера	1
дневник	1
притеснявам	2
трудност	1
открадна	2
ключов	3
нещастен	3
югоизточен	3
царски	3
учредителен	3
указание	1
комунистически	3
подарък	1
аспект	1
добив	1
мислене	1
дроб	1
избягвам	2
спътник	1
индустрия	1
завръщане	1
седалка	1
преживея	2
епизод	1
християнин	1
зимен	3
изчезвам	2
прах	1
стабилност	1
обслужвам	2
утвърдя	2
финансирам	2
нанеса	2
блестя	2
течност	1
езиков	3
послание	1
терапия	1
свещен	3
засиля	2
завърна	2
обстановка	1
панталон	1
прегърна	2
маркетингов	3
църковен	3
нападател	1
аргумент	1
латински	3
перспектива	1
натоваря	2
наема	2
лъв	1
арест	1
пола	1
готовност	1
постижение	1
напредък	1
окончателен	3
груб	3
фен	1
мед	1
забия	2
забранен	3
образователен	3
облекчение	1
съединение	1
явявам	2
провал	1
развит	3
продължителност	1
индианец	1
ликвидация	1
преподавател	1
листовка	1
проклет	3
драма	1
инвестирам	2
спалня	1
обяд	1
честен	3
петно	1
ведомство	1
медиен	3
удостоверение	1
натисна	2
сватба	1
жест	1
лов	1
тъкан	1
климат	1
лед	1
смес	1
дим	1
допустим	3
леля	1
профил	1
вирус	1
въвеждам	2
объркам	2
експедиция	1
космос	1
натрупам	2
бит	1
прекарвам	2
турист	1
предложен	3
австрийски	3
оръдие	1
добавка	1
промърморя	2
изпадна	2
разбия	2
различие	1
интеграция	1
възразя	2
изследовател	1
възползвам	2
миризма	1
актуален	3
допълвам	2
розов	3
преминаване	1
инсталация	1
настаня	2
човечество	1
файл	1
погрижа	2
насочвам	2
ченге	2
творчески	3
навик	1
избран	3
зает	3
конституционен	3
пояснение	1
работодател	1
заявка	1
упражнявам	2
цикъл	1
съпротива	1
постигам	2
почакам	2
склон	1
измама	1
яд	1
достоен	3
игла	1
перорален	3
потенциал	1
докладвам	2
отпуск	1
параметър	1
треперя	2
блед	3
заместник	1
федерален	3
невинен	3
предположа	2
надигна	2
смесен	3
втурна	2
дръжка	1
цивилизация	1
предизвикателство	1
инспектор	1
проследя	2
рок	1
концепция	1
жанр	1
изучавам	2
бременност	1
смешен	3
поглеждам	2
правителствен	3
ек	1
достойнство	1
инструкция	1
затварям	2
гледка	1
капка	1
индустриален	3
дискусия	1
охридски	3
змия	1
насока	1
четене	1
камион	1
битов	3
предназначение	1
настъпвам	2
подаване	1
възраждане	1
експозиция	1
площадка	1
вържа	2
досие	1
посетител	1
правомощие	1
проявя	2
шега	1
флот	1
железопътен	3
чанта	1
заминавам	2
вот	1
равнина	1
землище	1
помощник	1
индекс	1
тракийски	3
рак	1
преброяване	1
леден	3
мая	1
потенциален	3
постановление	1
дългосрочен	3
промълвя	2
прочут	3
командване	1
отрицателен	3
чиновник	1
демонстрирам	2
хоризонт	1
диалог	1
необичаен	3
любопитен	3
разработване	1
атакувам	2
изброя	2
поща	1
подпомагам	2
англичанин	1
редактор	1
кадър	1
изоставя	2
умея	2
обявяване	1
поведа	2
категоричен	3
решаване	1
плюс	1
отличавам	2
стоков	3
контекст	1
пенсия	1
облегна	2
каня	2
обсъждане	1
музикант	1
поход	1
класирам	2
посреднически	3
упорит	3
уважение	1
нервен	3
юмрук	1
съюзник	1
убеден	3
цифра	1
изстрел	1
отсъствие	1
разруша	2
лесен	3
постъпвам	2
сексуален	3
церемония	1
дефицит	1
скромен	3
териториален	3
наркотик	1
издателство	1
класиране	1
поръчам	2
мускул	1
храст	1
експеримент	1
чудесен	3
марков	3
плъзна	2
обичай	1
обединение	1
кръгъл	3
дисциплина	1
самотен	3
весел	3
оглеждам	2
попреча	2
публикация	1
глоба	1
принцеса	1
крещя	2
прибирам	2
квота	1
придобивам	2
фар	1
обзема	2
фондация	1
петрол	1
уплаша	2
преходен	3
ангажирам	2
вожд	1
тичам	2
храня	2
вълнение	1
отказ	1
заподозра	2
слой	1
интервал	1
чернодробен	3
неограничен	3
опера	1
оформя	2
изкарам	2
дишам	2
вила	1
французин	1
слабост	1
спускам	2
нещастие	1
овца	1
подчинен	3
любопитство	1
урок	1
монтирам	2
съотношение	1
пъхна	2
употребявам	2
фалшив	3
вписване	1
глупак	1
фабрика	1
отърва	2
потегля	2
философски	3
улов	1
избирателен	3
преведа	2
придружавам	2
лечебен	3
типичен	3
предлагане	1
обикалям	2
отклонение	1
санкция	1
съставка	1
президентски	3
дълбочина	1
паша	1
мащаб	1
великолепен	3
отдалеча	2
базирам	2
печеля	2
освобождение	1
сержант	1
субект	1
ивица	1
танцувам	2
басейн	1
безкраен	3
отстъп	1
плаша	2
автобус	1
статистика	1
гордост	1
техника	1
цитат	1
сключване	1
глад	1
законов	3
камара	1
кафяв	3
подредя	2
вия	2
изплаша	2
наблюдател	1
изкупуване	1
потвърждавам	2
млъкна	2
справедлив	3
отчета	2
роза	1
погреба	2
тогавашен	3
прозвуча	2
депозит	1
патрон	1
включване	1
ударя	2
археологически	3
изведа	2
спиране	1
учудя	2
коефициент	1
оправдая	2
подозрение	1
съсредоточа	2
помощен	3
изграждам	2
противопоставя	2
вълнувам	2
преса	1
блокирам	2
товарен	3
тунел	1
стигам	2
подобря	2
грях	1
случаен	3
магия	1
руснак	1
кооперация	1
пиеса	1
маска	1
отдръпна	2
талант	1
предположение	1
обвинявам	2
флакон	1
регулиране	1
абсолютен	3
младежки	3
сражение	1
блясък	1
воин	1
сит	3
цветен	3
съкровище	1
актриса	1
жизнен	3
заобиколя	2
гума	1
етикет	1
завръщам	2
поздрав	1
пустиня	1
сорт	1
отглеждам	2
откъсна	2
фиксирам	2
настоя	2
технологичен	3
боя	1
посолство	1
очила	1
любовен	3
късен	3
възел	1
убит	3
номинален	3
потребност	1
локомотив	1
стомах	1
обезщетение	1
противоречие	1
средновековен	3
класация	1
заплашвам	2
събор	1
лея	2
разработка	1
овладея	2
закуска	1
диск	1
показание	1
дружина	1
вселена	1
слизам	2
кариера	1
апелативен	3
годност	1
сол	1
телесен	3
дебат	1
нарушавам	2
свещ	1
уморен	3
нареждам	2
затворник	1
корпоративен	3
сграбча	2
докарам	2
грея	2
влюбен	3
излизане	1
молитва	1
надхвърля	2
изпусна	2
пренеса	2
отдам	2
предпочета	2
закупя	2
отложа	2
дар	1
грабна	2
колекция	1
старт	1
ром	1
учение	1
колан	1
изпиша	2
хладен	3
потребление	1
скок	1
гладен	3
мюсюлманин	1
екологичен	3
билет	1
структурен	3
статус	1
историк	1
топлина	1
самоличност	1
тръжен	3
сблъсък	1
функционирам	2
владея	2
лиша	2
суровина	1
непрекъснат	3
завия	2
патриарх	1
полуостров	1
градус	1
философ	1
разрешавам	2
детайл	1
трафик	1
спешен	3
етнография	1
излъчване	1
отмина	2
престъпник	1
заплащане	1
стабилен	3
претенция	1
замяна	1
стихотворение	1
пускам	2
пот	1
театрален	3
безпокоя	2
снимам	2
последствие	1
вторичен	3
монах	1
стъклен	3
сведа	2
партида	1
крайбрежие	1
невидим	3
поправка	1
разхождам	2
атомен	3
възглед	1
екземпляр	1
регулирам	2
излъжа	2
стадо	1
сюжет	1
рус	3
трибунал	1
разследвам	2
командвам	2
устойчив	3
подписвам	2
филмов	3
възражение	1
поражение	1
подхвърля	2
суша	1
светъл	3
формат	1
забавен	3
горя	2
качествен	3
резервен	3
брада	1
кандидатура	1
рискувам	2
тъмнина	1
кана	1
теза	1
архитектура	1
обмен	1
континент	1
групировка	1
паспорт	1
бурен	3
пристигане	1
поправя	2
свиня	1
анализирам	2
обмисля	2
хвърлям	2
диаметър	1
преодолея	2
роба	1
писта	1
стартирам	2
действителен	3
бронзов	3
драг	3
повикам	2
омраза	1
факултет	1
ръкав	1
пазач	1
инжекция	1
признание	1
откритие	1
падане	1
ограничавам	2
зарадвам	2
изпитание	1
големина	1
приятелски	3
бедро	1
ставам	2
искрен	3
звание	1
свидетелство	1
ограда	1
застрелям	2
идеален	3
капак	1
рожден	3
атентат	1
кредитор	1
сътрудник	1
щета	1
говорител	1
дъска	1
умора	1
класификация	1
калифорний	1
изложение	1
извънреден	3
проход	1
постройка	1
замълча	2
публикуване	1
изям	2
изпия	2
стъпя	2
недостатъчен	3
оженя	2
привърженик	1
боклук	1
студ	1
русенски	3
унгарски	3
принадлежност	1
въображение	1
изключвам	2
зъл	3
секс	1
протестирам	2
бягство	1
крадец	1
забележителност	1
танк	1
виден	3
законен	3
влияя	2
произтичам	2
договоря	2
докосвам	2
изиграя	2
уважавам	2
избирател	1
околност	1
подчертавам	2
населен	3
ярък	3
уведомявам	3
стрела	1
дипломат	1
изкрещя	2
навляза	2
епископ	1
удрям	2
недостатък	1
уредя	2
радостен	3
отрека	2
нареждане	1
рисувам	2
спринцовка	1
поставям	2
намаление	1
колеж	1
нокът	1
започване	1
разумен	3
склонен	3
ветеринарен	3
възложа	2
разкриване	1
кръчма	1
издател	1
предизборен	3
щатски	3
концесионер	1
материя	1
разпространявам	2
вследствие	1
спедиторски	3
изява	1
изготвяне	1
планиране	1
инжектиране	1
застраховка	1
мотивирам	2
тъжен	3
организатор	1
бос	3
вест	1
изясня	2
изкажа	2
почивам	2
риболов	1
униформа	1
целувка	1
анализатор	1
настана	2
експертен	3
приведа	2
мечтая	2
делегация	1
формиране	1
назначавам	2
смел	3
кърпа	1
оценяване	1
палат	1
обаждам	2
справка	1
опитен	3
архитект	1
непосредствен	3
очертавам	2
трябвам	2
енергетика	1
забранявам	2
софтуер	1
вътрешност	1
палуба	1
неподвижен	3
определям	2
напомням	2
кресло	1
разработвам	2
класифицирам	2
корекция	1
повлияя	2
певец	1
проникна	2
предотвратя	2
надвишавам	2
крив	3
чешки	3
обучавам	2
длъжностен	3
опълчение	1
рай	1
багаж	1
раковски	3
психология	1
запомня	2
оригинал	1
разузнаване	1
изкача	2
чувствителен	3
отстъпвам	2
изходен	3
сборник	1
закупуване	1
ответница	1
хроничен	3
отстраняване	1
нарасна	2
мебел	1
разменя	2
намръщя	2
сключвам	2
династия	1
продуцент	1
причинявам	2
подписване	1
пропуск	1
бежанец	1
дишане	1
мечка	1
накажа	2
общественост	1
функциониране	1
звяр	1
субсидия	1
пръсна	2
влажен	3
килограм	1
учебник	1
изтека	2
колективен	3
завеса	1
кабина	1
премахна	2
имение	1
тероризъм	1
алтернатива	1
корона	1
зърно	1
магистрала	1
оплаквам	2
взрив	1
кървав	3
глася	2
заемам	2
отдавам	2
стимулирам	2
слушалка	1
извинявам	2
страж	1
закрия	2
секция	1
порта	1
вреден	3
взирам	2
надзорен	3
вложа	2
търпение	1
албанец	1
разглеждане	1
тежа	2
заетост	1
чудовище	1
газов	3
заверя	2
поднеса	2
плът	1
заслуга	1
излишен	3
безопасен	3
плат	1
неприятност	1
композитор	1
гладък	3
тютюн	1
разходка	1
отричам	2
пречка	1
посегна	2
проуча	2
законодателен	3
старая	2
порода	1
плаж	1
цифров	3
нагласа	1
яздя	2
мазнина	1
пехотен	3
султан	1
плавам	2
характеризирам	2
германец	1
изказване	1
график	1
плъх	1
съвкупност	1
курорт	1
достъпен	3
кора	1
мия	2
извия	2
превзема	1
терористичен	3
удобен	3
търпя	2
нерв	1
градче	1
довърша	2
преценка	1
елен	1
малцинство	1
изчисля	2
стрелба	1
куб	1
трагедия	1
ръководен	3
забавлявам	2
разочаровам	2
сладък	3
възлагам	2
поклон	1
недостатъчност	1
справедливост	1
нарастване	1
китара	1
оборот	1
акцент	1
стомана	1
прозрачен	3
хрумне	2
бунт	1
намалея	2
доловя	2
делови	2
сънувам	2
невъзможен	3
обиколка	1
божествен	3
обединя	2
поколебая	2
покривам	2
представителен	3
сок	1
бригада	1
изпитам	2
северозападен	3
съдействие	1
глух	3
зеленчук	1
рота	1
фраза	1
логичен	3
гоня	2
мода	1
химичен	3
желязо	1
чиния	1
пускане	1
приключване	1
разкъсам	2
изгоря	2
важа	2
постъпка	1
издателски	3
емоционален	3
колиба	1
китка	1
доброволец	1
експертиза	1
оркестър	1
лос	1
следовател	1
пратеник	1
запазване	1
създател	1
пиян	3
опра	2
тур	1
трая	2
дразня	2
убеждение	1
консумация	1
изтръгна	2
смелост	1
крада	2
топ	1
идентификатор	1
траен	3
поделение	1
пуша	2
тиран	1
юноша	1
благодарност	1
могила	1
небесен	3
основател	1
изследователски	3
таксиметров	3
придавам	2
тържествен	3
тегля	2
ферма	1
битие	1
инфлация	1
съзнавам	2
плътност	1
законопроект	1
гражданство	1
речник	1
светя	2
всекидневен	3
амбиция	1
престъпен	3
инспекция	1
банда	1
декларирам	2
идентичност	1
навлизам	2
статуя	1
измеря	2
инжекционен	3
надморски	3
загубен	3
валиден	3
отчаяние	1
моторен	3
еврейски	3
черква	1
завладея	2
терорист	1
спектакъл	1
плик	1
незначителен	3
натриев	3
мит	1
предупреждавам	2
умерен	3
одобряване	1
уволня	2
единство	1
боб	1
училищен	3
равновесие	1
колебание	1
проваля	2
млечен	3
сходен	3
женен	3
килия	1
посъветвам	2
качвам	2
старозагорски	3
магистрат	1
огнен	3
братовчед	1
подаря	2
комбиниран	3
елит	1
индийски	3
почетен	3
произнасям	2
риболовен	3
косовски	3
общуване	1
приключение	1
югозападен	3
локален	3
подчиня	2
хол	1
болник	1
разпит	1
директен	3
заключителен	3
гигантски	3
изслушам	2
лихвен	3
цялост	1
погребение	1
гнездо	1
домакинство	1
милост	1
грозен	3
кражба	1
представление	1
решетка	1
гигант	1
порт	1
изскоча	2
повишавам	2
боец	1
маршрут	1
капан	1
занимание	1
погълна	2
отглеждане	1
подготвен	3
помръдна	2
юрист	1
изписвам	2
рекорд	1
здравословен	3
шаблон	1
нападам	2
психологически	3
завой	1
системен	3
утвърждавам	2
отчитане	1
клетва	1
взаимоотношение	1
пръчка	1
пенсионен	3
разрешаване	1
спасение	1
осигурителен	3
разтворя	2
поляна	1
приказвам	2
хипотеза	1
благоприятен	3
датирам	2
добитък	1
въздържа	2
лекарски	3
вреда	1
хаос	1
рода	1
произхождам	2
закъснея	2
осъзнавам	2
ядро	1
махала	1
отвратителен	3
листа	1
нараня	2
идентифицирам	2
неясен	3
книжка	1
петролен	3
бременен	3
алея	1
репортер	1
лунен	3
пълномощен	3
негативен	3
ярост	1
стрелец	1
бранш	1
пленник	1
обединявам	1
трон	1
срам	1
блъсна	2
горд	3
някогашен	3
укажа	2
ловен	3
възглавница	1
детектив	1
разпозная	2
минерален	3
предпоставка	1
платформа	1
изплатя	2
убежище	1
великотърновски	3
задържане	1
пояс	1
детство	1
израелски	3
дължим	3
брадичка	1
треска	1
утро	1
тримесечие	1
образуване	1
измервам	2
същински	3
математик	1
виждане	1
критика	1
обитавам	2
обида	1
изчисление	1
потребителски	3
божи	3
стопанин	1
измъчвам	2
цивилен	1
хеликоптер	1
сантиметър	1
посветен	3
шведски	3
писалка	1
пътешествие	1
меден	3
полов	3
студентски	3
уличен	3
точност	1
килим	1
находка	1
певица	1
кал	1
съобразя	2
критичен	3
отрежа	2
уредба	1
колония	1
изолирам	2
междинен	3
хемоглобин	1
разнообразен	3
паркинг	1
местоположение	1
свършвам	2
призрак	1
як	3
нетен	3
пчела	1
трансфер	1
разнообразие	1
разширявам	2
болничен	3
закрила	1
простирам	2
партньорство	1
лекция	1
творец	1
набера	2
очертая	2
ориентирам	2
сравня	2
обвиняем	1
подводница	1
отклоня	2
бедствие	1
изчислявам	2
победя	2
заплащам	2
подчинявам	2
пътнически	3
ръкопис	1
изгоня	2
плувам	2
формация	1
променлив	3
преследване	1
писане	1
вали	2
задоволя	2
украся	2
престой	1
пращам	2
почувствувам	2
прякор	1
плосък	3
ботуш	1
купчина	1
признаване	1
ресторантьорски	3
барон	1
икономист	1
чистота	1
портфейл	1
основаване	1
беда	1
светски	3
авторитет	1
конкурент	1
очевиден	3
обновяване	1
нефт	1
фондов	3
свеж	3
ядене	1
палто	1
аромат	1
косъм	1
ваксина	1
евтин	3
рилски	3
варирам	2
емоция	1
броя	2
бартерен	3
постановка	1
тоалетна	1
присъединявам	2
разбойник	1
прекося	2
съображение	1
блестящ	3
признат	3
владение	1
безплатен	3
предотвратяване	1
заявител	1
изгарям	2
морал	1
съвест	1
преживяване	1
царица	1
ръчен	3
викна	2
възлизам	2
приятелство	1
организационен	3
модул	1
нетърпение	1
паника	1
ограничаване	1
момиченце	1
бяг	1
дефинирам	2
произлизам	2
виза	1
изучаване	1
разнеса	2
нелегален	3
прикрия	2
социалист	1
пораждам	2
монтаж	1
заплаша	2
съдилище	1
прегръдка	1
безпокойство	1
подвижен	3
асансьор	1
отражение	1
облигация	1
разузнавателен	3
капиталов	3
обжалвам	2
торба	1
целувам	2
разпространен	3
шампионат	1
съвпадам	2
разсмея	2
съветвам	2
тъп	3
хващам	2
действувам	2
състезател	1
ритъм	1
отрова	1
застраша	2
пренасям	2
мишка	1
републикански	3
студио	1
дежурен	3
коригирам	2
относителен	3
североизточен	3
бележа	1
спасителен	3
босненски	3
редакция	1
клиника	1
артист	1
календар	1
божий	3
кафене	1
орел	1
проектирам	2
изпълвам	2
доминирам	2
съперник	1
наследя	2
отпечатък	1
избия	2
комплексен	3
неправилен	3
античен	3
изтъкна	2
конник	1
бесен	3
прекъсвам	2
прогоня	2
пресконференция	1
закача	2
притискам	2
махам	2
отчаян	3
архитектурен	3
превозвач	1
темп	1
огнище	1
отчетен	3
теоретичен	3
масивен	3
греша	2
преподавам	2
заек	1
облагане	1
ела	1
стегна	2
безработица	1
завържа	2
предприемач	1
мощ	1
засилвам	2
похвала	1
резолюция	1
националност	1
плевенски	3
ядосам	2
входен	3
рисков	3
пласт	1
вечерен	3
светец	1
констатирам	2
ябълка	1
спазя	2
замърсяване	1
отсека	2
обективен	3
формулирам	2
въоръжение	1
отрасъл	1
втренча	2
протичам	2
разпитвам	2
пауза	1
ръкавица	1
моден	3
годен	3
светлинен	3
възстановявам	2
вносител	1
референтен	3
стърча	2
забава	1
повреда	1
криминален	3
християнство	1
огледам	2
уреждам	2
бон	1
картоф	1
рейтинг	1
бавен	3
хлапе	1
сандък	1
спестя	2
поставяне	1
пресичам	2
отстраня	2
хукна	2
изгрев	1
авторски	3
случка	1
дружба	1
реплика	1
тенис	1
приватизационен	3
череп	1
загивам	2
магьосник	1
сенатор	1
разтърся	2
кисел	3
възникване	1
прогнозирам	2
ислямски	3
назначаване	1
хит	1
заваря	2
чин	1
спасявам	2
искра	1
третирам	2
предел	1
мюсюлмански	3
гробница	1
телевизор	1
затруднение	1
занаят	1
преобразуване	1
сдържа	2
необикновен	3
тарифа	1
славянин	1
компетентност	1
спецификация	1
пуст	3
главоболие	1
сесия	1
подсказвам	2
юношески	3
видим	3
забележителен	3
осветя	2
комисар	1
пленя	2
сравнявам	2
стаж	1
ранг	1
сирене	1
принуда	1
нишка	1
апостол	1
двустранен	3
коленича	2
популярност	1
копче	1
превишавам	2
решителен	3
сядам	2
обжалване	1
длъжник	1
рисунка	1
читалище	1
папка	1
задник	1
логик	1
заобикалям	2
литър	1
внимателен	3
композиция	1
платен	3
дългогодишен	3
холандски	3
хладилник	1
несъстоятелност	1
боа	1
комунист	1
пирамида	1
кантора	1
излагам	2
квадратен	3
платежен	3
типов	3
швейцарски	3
завършване	1
луксозен	3
апаратура	1
крава	1
орбита	1
унищожаване	1
отпускане	1
продавач	1
естество	1
наслада	1
забавяне	1
колегия	1
стълбище	1
мокър	3
фармацевт	1
дол	1
адвокатски	3
банкер	1
лабораторен	3
поразя	2
люк	1
резервоар	1
рог	1
недоволен	3
влага	1
сътруднича	2
злоупотреба	1
прокарам	2
забавя	2
предшественик	1
наближавам	2
кротък	3
целя	2
своеобразен	3
грамаден	3
катедра	1
изправен	3
играчка	1
отваряне	1
тайнствен	3
универсален	3
мотор	1
часов	3
възвърна	2
чук	1
човече	1
жалък	3
нахлуя	2
бас	1
изключен	3
посрещам	2
драматичен	3
покрит	3
капсула	1
добера	2
напредна	2
разпространя	2
филмирам	2
консултант	1
лишен	3
запътя	2
плазмен	3
едновременен	3
екзархия	1
бързина	1
базов	3
лъскав	3
ценов	3
напрегна	2
научавам	2
демократически	3
послужа	2
устен	3
експлозия	1
покритие	1
противореча	2
кандидатствам	2
команда	1
писък	1
повторя	2
недоверие	1
острие	1
венец	1
стресна	2
московски	3
обич	1
ритуал	1
солиден	3
трепна	2
скръб	1
наказвам	2
подобрение	1
наклон	1
монитор	1
кладенец	1
автомат	1
контейнер	1
предпазя	2
университетски	3
съгласувам	2
разпореждане	1
вагон	1
интерпретация	1
внук	1
копринен	3
понеча	2
натоварване	1
благородник	1
фокус	1
тор	1
шегувам	2
компенсирам	2
стачка	1
премия	1
последователен	3
проговоря	2
илюзия	1
заинтересован	3
времетраене	1
удържа	2
вратар	1
замръзна	2
обличам	2
тръпка	1
диамант	1
разтворител	1
подножие	1
присъщ	3
бера	2
връча	2
изпращане	1
изръмжа	2
злота	1
прекъсване	1
съобразявам	2
изработване	1
преместване	1
кметство	1
задължа	2
оплача	2
побеждавам	2
разправя	2
мъдрост	1
рея	2
измерение	1
задължавам	2
циганин	1
кей	1
бода	2
митница	1
увереност	1
добия	2
налея	2
ливада	1
закълна	2
стискам	2
кабел	1
брашно	1
пламна	2
референдум	1
уверявам	2
пират	1
танц	1
оборудвам	2
гараж	1
обширен	3
осигурен	3
магнитен	3
устие	1
шампионски	3
органичен	3
пробия	2
подразделение	1
украса	1
изпадам	2
отбия	2
професионалист	1
деля	2
католически	3
автономен	3
благоевградски	3
банкнота	1
отличие	1
фин	3
роб	1
възпитание	1
инстинкт	1
надникна	2
плячка	1
отвлека	2
прониквам	2
развълнувам	2
твърдея	2
отмъщение	1
рязък	3
въглища	1
могъщ	3
лондонски	3
вдовица	1
претърпя	2
тротоар	1
въглероден	3
премахване	1
буен	3
щит	1
опозиционен	3
шуменски	3
шлем	1
принуждавам	2
търгувам	2
повик	1
допринасям	2
коля	2
отдалечавам	2
тържество	1
шок	1
почукам	2
гордея	2
отпускам	2
простя	2
престол	1
камина	1
находище	1
пресека	2
токсичност	1
ежегоден	3
куфар	1
обитател	1
брутен	3
африкански	3
квартира	1
раздавам	2
двубой	1
приемлив	3
преграда	1
фатален	3
промъкна	2
упражнение	1
размисъл	1
долавям	2
предписание	1
противоположен	3
нефтен	3
захарен	3
вицепремиер	1
строй	1
съчинение	1
диря	2
любовник	1
занеса	2
богиня	1
пейка	1
пиле	1
измия	2
ремонтен	3
облекча	2
гъба	1
департамент	1
блъскам	2
препоръчам	2
уловя	2
терапевтичен	3
скъпоценен	3
тълкуване	1
жажда	1
скъсам	2
течен	3
съвършен	3
ставка	1
пуск	1
идеал	1
подлагам	2
кауза	1
нотариален	3
прогрес	1
бариера	1
денонощие	1
идване	1
преставам	2
акционерен	3
горчив	3
прекратявам	2
недоволство	1
ислям	1
обед	1
любя	2
мероприятие	1
залагам	2
смъртоносен	3
джамия	1
предоставям	2
генетичен	3
дяволски	3
съхраняване	1
функционален	3
метна	2
електроенергия	1
ефикасност	1
изплащане	1
ужасявам	2
управленски	3
академик	1
врачански	3
фотография	1
пластмасов	3
въглеводород	1
преобладавам	2
рана	1
лицензия	1
ускоря	2
желан	3
охранявам	2
египетски	3
македонец	1
едноименен	3
впечатлявам	2
масичка	1
притесня	2
магически	3
възбуда	1
идентификация	1
атом	1
механичен	3
кардинал	1
приличен	3
проучвам	2
конкурентен	3
ухиля	2
изборен	3
разсъждавам	2
състезавам	2
карета	1
момък	1
осведомя	2
благодарен	3
отпадна	2
обвържа	2
критикувам	2
интегрирам	2
обработвам	2
присвия	2
заместник-председател	1
сливане	1
настояще	1
палатка	1
кама	1
маймуна	1
откровен	3
диабет	1
експериментален	3
уверен	3
приключвам	2
загадка	1
корпорация	1
следствен	3
постановя	2
душевен	3
митрополит	1
бъркам	2
сериен	3
рецепта	1
съпътствам	2
смесвам	2
понижа	2
мозъчен	3
отпия	2
опасение	1
отстъпя	2
издръжка	2
комуникационен	3
раса	1
компромис	1
колебая	2
регламентирам	2
променям	2
заровя	2
плавателен	3
спортист	1
вицепрезидент	1
бутон	1
глътка	1
брава	1
подбор	1
разправям	2
нахвърля	2
отвръщам	2
повишение	1
кълбо	1
наддаване	1
пълномощник	1
либерален	3
португалски	3
инжектирам	2
яхта	1
доближа	2
любимец	1
господарка	1
приток	1
дебют	1
кипърски	3
частичен	3
позитивен	3
допринеса	2
съставлявам	2
залез	1
убеждавам	2
уиски	1
тренировка	1
челюст	1
девиз	1
преглътна	1
изкачвам	2
смущение	1
стоманен	3
обвия	2
оглавявам	2
паркирам	2
тъга	1
дарение	1
тълкувам	2
пейзаж	1
грозде	1
олимпиада	1
звезден	3
влача	2
мириша	2
югославски	3
плътен	3
посмея	2
замеся	2
неофициален	3
адекватен	3
доверя	2
постарая	2
преводач	1
струя	1
неизбежен	3
трагичен	3
блато	1
кошмар	1
крача	2
еднократен	3
сбъркам	2
насекомо	1
средновековие	1
енциклопедия	1
канцелария	1
важност	1
експорт	1
пратка	1
преговарям	2
изказвам	2
успокоявам	2
реактор	1
съхраня	2
язовир	1
чакал	1
строен	3
сдобия	2
феномен	1
стоваря	2
упражняване	1
процесуален	3
подкрепям	2
привличане	1
бор	1
превеждам	2
ликвидатор	1
преживявам	2
залича	2
нога	1
вертикален	3
нрав	1
наподобявам	2
довеждам	2
досетя	2
дърпам	2
сещам	2
яма	1
разтревожа	2
застраховател	1
изсмея	2
реконструкция	1
начинание	1
любезен	3
отлича	2
свивам	2
нобелов	3
ковчег	1
печатен	3
барабан	1
настъпление	1
поясня	2
отблъсна	2
стръмен	3
академичен	3
осветление	1
захвърля	2
влакно	1
княжество	1
пиано	1
прилеп	1
изпускам	2
книжовен	3
въздишка	1
развод	1
крехък	3
шепа	1
смъкна	2
почин	1
насърчавам	2
парцел	1
настроен	3
увисна	2
попълня	2
турне	1
динамичен	3
повдигам	2
робство	1
синдром	1
национал	1
оповестя	2
предхождам	2
свидетелствам	2
конкурсен	3
воювам	2
улуча	2
скален	3
семинар	1
подкожен	3
почистване	1
разкопки	1
земетресение	1
панаир	1
близнак	1
изричен	3
привлекателен	3
комплект	1
изненадвам	2
отровен	3
преврат	1
лудост	1
ромски	3
синдикат	1
аптека	1
благоустройство	1
недостиг	1
депресия	1
спектър	1
латиница	1
негър	1
буден	3
митология	1
създание	1
комедия	1
чашка	1
поименен	3
парижки	3
прикривам	2
отделяне	1
празнувам	2
бедност	1
позвъня	2
легион	1
компенсация	1
сервиз	1
утвърждаване	1
самоубийство	1
козметичен	3
пророк	1
кофа	1
репутация	1
координация	1
легендарен	3
царя	2
посолство	1
видение	1
откарам	2
фенер	1
тераса	1
танков	3
равенство	1
изгубен	3
сметна	2
трасе	1
подвиг	1
принудителен	3
социализъм	1
кацна	2
забраня	2
етика	1
модернизация	1
секретен	3
нанасям	2
изоставен	3
слон	1
бал	1
лук	1
хитър	3
култ	1
дракон	1
оспорвам	2
реколта	1
зависим	3
записване	1
неуспех	1
шкаф	1
смущавам	2
ожена	2
седло	1
унищожавам	2
европеец	1
револвер	1
смутен	3
блесна	2
аудитория	1
изтъквам	2
речен	3
корабен	3
предявя	2
джунгла	1
поемам	2
абсурден	3
витамин	1
одеяло	1
чувствителност	1
построяване	1
съставяне	1
привилегия	1
спорен	3
далечина	1
азбука	1
излъча	2
преценявам	2
мирис	1
изобразя	2
сляп	3
брачен	3
подхвана	2
заснема	2
психичен	3
демонстрация	1
популация	1
позоваване	1
бензин	1
губернатор	1
ера	1
максимум	1
пепел	1
пшеница	1
ястие	1
яростен	3
захвана	2
измърморя	2
диалект	1
избухване	1
копеле	1
количествен	2
идеология	1
сформирам	2
тил	1
удължа	2
дипломирам	2
текстилен	3
авария	1
хумор	1
повлиян	3
фантазия	1
поземлен	3
фрагмент	1
кадастрален	3
жрец	1
смутя	2
разочарование	1
болезнен	3
отлагам	2
подпра	2
периодичен	3
божество	1
военнослужещ	1
почитам	2
съчетание	1
питие	1
наслаждавам	2
идентификационен	3
люде	1
хасковски	3
надпревара	1
пропаст	1
тренирам	2
хепатит	1
романтичен	3
троен	3
известие	1
разделение	1
пробив	1
учудване	1
невъзможност	1
военноморски	3
фирмен	3
извинение	1
овчи	3
психически	3
стичам	2
актуализирам	2
визита	1
страдание	1
излиза	2
свързване	1
фермер	1
крайник	1
бъбрек	1
налагане	1
схващане	1
зловещ	3
математически	3
алергичен	3
елементарен	3
интравенозен	3
отстъпка	1
фармацевтичен	3
алкохолен	3
магаре	1
дефиниция	1
насърчаване	1
мома	1
издърпам	2
джентълмен	1
координирам	2
провокирам	2
окача	2
страдане	1
запознат	3
разположа	2
ориентация	1
коледен	3
римлянин	1
апетит	1
радикален	3
бандит	1
количка	1
скандален	3
пиене	1
конски	3
светна	2
групов	3
преструвам	2
зрение	1
крайбрежен	3
псевдоним	1
справочник	1
номенклатура	1
призив	1
уговоря	2
немец	1
иракски	3
съмнителен	3
четник	1
графиня	1
дебна	2
объркан	3
мак	1
поза	1
добричък	3
катедрала	1
маркировка	1
снабдяване	1
лисица	1
формуляр	1
кеш	1
подскоча	2
породя	2
анемия	1
изнасям	2
адмирал	1
указ	1
изкарвам	2
народност	1
италианец	1
снежен	3
трескав	3
неблагоприятен	3
ракия	1
неправителствен	3
снабдя	2
закрит	3
непоносим	3
уплашен	3
опасявам	2
климатичен	3
юнак	1
пирински	3
случайност	1
габровски	3
трибун	1
обуча	2
беля	2
лък	1
набирам	2
разпръсна	2
самочувствие	1
учителка	1
улесня	2
залея	2
електричество	1
третиране	1
проследяване	1
чифт	1
игрален	3
лозе	1
метро	1
изчезване	1
рекорден	3
сърдя	2
скривам	2
устойчивост	1
покоен	3
вгледам	2
настигна	2
батальон	1
неуспешен	3
обявен	3
хижа	1
стъпвам	2
грип	1
предполагаем	3
касая	2
мълчалив	3
физиономия	1
явен	3
цариградски	3
рев	1
недостъпен	3
изчисляване	1
потвърждение	1
звъня	2
отбранителен	3
подготвям	2
величина	1
пълзя	2
отместя	2
вещица	1
библия	1
устройствен	3
реализиране	1
спогодба	1
усвояване	1
тютюнев	3
партизанин	1
потисна	2
изплащам	2
впечатля	2
робот	1
ритам	2
имидж	1
порасна	2
съкращение	1
събуждам	2
счетоводство	1
укрепване	1
диван	1
дъга	1
светкавица	1
ударен	3
поглъщам	2
кръстя	2
клауза	1
травма	1
помпа	1
столетие	1
неприятел	1
координата	1
греда	1
клип	1
одрински	3
майчин	3
побягна	2
мелодия	1
левица	1
потъвам	2
чорап	1
населя	2
номинация	1
фланелка	1
дузина	1
прозрачност	1
работнически	3
оплакване	1
фантастичен	3
вена	1
импулс	1
коприна	1
застраховане	1
пребиваване	1
фураж	1
разширение	1
палестински	3
възторг	1
кислород	1
нарушаване	1
нарисувам	2
опирам	2
грам	1
разделяне	1
покой	1
изтрия	2
замествам	2
илюстрация	1
скача	2
повторен	3
удостоверявам	2
картон	1
подхождам	2
схвана	2
споря	2
броня	1
плацебо	1
закарам	2
различа	2
гарантиране	1
рибен	3
акциз	1
извлека	2
сервизен	3
бутна	2
аналитичен	3
клане	1
еволюция	1
нотифицирам	2
палец	1
сингъл	1
просна	2
тревожен	3
режа	2
вал	1
местя	2
нравствен	3
солунски	3
шериф	1
заинтересуван	3
елегантен	3
изстрелям	2
лапа	1
поканвам	2
внушителен	3
коалиционен	3
кристал	1
препятствие	1
борец	1
самота	1
бавя	2
племенник	1
авиокомпания	1
галя	2
мраморен	3
назначение	1
пролетен	3
залог	1
получател	1
вкарвам	2
последователност	1
раздам	2
кукла	1
отсъствам	2
приветствам	2
дивеч	1
гостувам	2
доброволен	3
вокал	1
усложнение	1
кюстендилски	3
приложен	3
разрешен	3
подпомогна	2
протеин	1
будя	2
нарежа	2
въздухоплавателен	3
говедо	1
изхвърляне	1
партизански	3
сабя	1
размахвам	2
облик	1
изискам	2
изящен	3
просветен	3
уточнявам	2
делегат	1
оправдавам	2
заслужа	2
сегмент	1
задоволство	1
дивидент	1
ориз	1
житейски	3
ровя	2
пенсионер	1
уместен	3
ага	1
косвен	3
проклятие	1
актьорски	3
асистент	1
идеологически	3
коза	1
уличка	1
еквивалентен	3
консервативен	3
придвижвам	2
лекота	1
клетъчен	3
прасе	1
вероятен	3
визия	1
преструктуриране	1
фоайе	1
комунизъм	1
практикувам	2
украински	3
плах	3
излишък	1
медикамент	1
оцеляване	1
размах	1
гръмна	2
пребледнея	2
пренебрегвам	2
сбор	1
изтребител	1
набор	1
чекмедже	1
избиране	1
превръщане	1
зърнен	3
персийски	3
стадий	1
знаменит	3
впия	2
топлинен	3
булевард	1
пипна	2
дрезгав	3
попълвам	2
обиколя	2
затваряне	1
консорциум	1
картичка	1
форт	1
уикенд	1
авариен	3
билка	1
сокол	1
фигурирам	2
размяна	1
свински	3
вперя	2
графичен	3
погаля	2
регулаторен	3
храбър	3
отечество	1
сос	1
консултирам	2
търновски	3
обгърна	2
лягам	2
календарен	3
ниша	1
оранжев	3
учудвам	2
отлагане	1
жлеза	1
кош	1
дарба	1
лишаване	1
производен	3
флагче	1
диагноза	1
преодоляване	1
сливенски	3
безработен	3
бик	1
проумея	2
секретарка	1
бюлетин	1
кълн	1
председателство	1
сънародник	1
маршал	1
предсрочен	3
хваля	2
профилактика	1
документален	3
поверя	2
табела	1
гръден	3
оттегляне	1
предшествам	2
инженерингов	3
взра	2
обаждане	1
красавица	1
повръщане	1
мъртвец	1
ензим	1
примиря	2
алуминиев	3
подскачам	2
отмъстя	2
засилване	1
прощавам	2
вана	1
разгневя	2